beds.slots,world_id,hours,Beds in use,Patients waiting,Patients treated,Patients died
180,0,0.0,13.0,0.0,0.0,0.0
180,0,1.0,22.0,0.0,0.0,0.0
180,0,2.0,30.0,0.0,0.0,0.0
180,0,3.0,38.0,0.0,0.0,0.0
180,0,4.0,50.0,0.0,0.0,0.0
180,0,5.0,56.0,0.0,0.0,0.0
180,0,6.0,67.0,0.0,0.0,0.0
180,0,7.0,75.0,0.0,0.0,0.0
180,0,8.0,84.0,0.0,0.0,0.0
180,0,9.0,92.0,0.0,0.0,0.0
180,0,10.0,102.0,0.0,0.0,0.0
180,0,11.0,106.0,0.0,0.0,0.0
180,0,12.0,112.0,0.0,0.0,0.0
180,0,13.0,119.0,0.0,0.0,0.0
180,0,14.0,128.0,0.0,0.0,0.0
180,0,15.0,133.0,0.0,0.0,0.0
180,0,16.0,142.0,0.0,0.0,0.0
180,0,17.0,149.0,0.0,0.0,0.0
180,0,18.0,157.0,0.0,0.0,0.0
180,0,19.0,165.0,0.0,0.0,0.0
180,0,20.0,172.0,0.0,1.0,0.0
180,0,21.0,176.0,0.0,2.0,0.0
180,0,22.0,178.0,5.0,4.0,0.0
180,0,23.0,173.0,13.0,6.0,0.0
180,0,24.0,173.0,12.0,13.0,0.0
180,0,25.0,176.0,15.0,20.0,0.0
180,0,26.0,177.0,17.0,24.0,1.0
180,0,27.0,177.0,23.0,27.0,2.0
180,0,28.0,177.0,27.0,30.0,3.0
180,0,29.0,175.0,33.0,33.0,4.0
180,0,30.0,173.0,35.0,38.0,9.0
180,0,31.0,174.0,32.0,45.0,13.0
180,0,32.0,175.0,36.0,51.0,19.0
180,0,33.0,176.0,39.0,56.0,24.0
180,0,34.0,177.0,41.0,60.0,28.0
180,0,35.0,176.0,38.0,63.0,33.0
180,0,36.0,168.0,44.0,67.0,37.0
180,0,37.0,170.0,31.0,79.0,42.0
180,0,38.0,170.0,25.0,89.0,48.0
180,0,39.0,172.0,24.0,99.0,54.0
180,0,40.0,166.0,28.0,107.0,58.0
180,0,41.0,174.0,27.0,121.0,62.0
180,0,42.0,173.0,29.0,127.0,63.0
180,0,43.0,177.0,30.0,134.0,64.0
180,0,44.0,171.0,38.0,137.0,65.0
180,0,45.0,174.0,38.0,146.0,66.0
180,0,46.0,171.0,40.0,152.0,72.0
180,0,47.0,179.0,36.0,161.0,76.0
180,0,48.0,175.0,42.0,162.0,81.0
180,0,49.0,176.0,36.0,167.0,87.0
180,0,50.0,176.0,34.0,171.0,92.0
180,0,51.0,179.0,30.0,175.0,98.0
180,0,52.0,175.0,36.0,176.0,102.0
180,0,53.0,176.0,26.0,181.0,107.0
180,0,54.0,178.0,29.0,185.0,112.0
180,0,55.0,177.0,31.0,187.0,116.0
180,0,56.0,176.0,30.0,190.0,122.0
180,0,57.0,178.0,31.0,194.0,127.0
180,0,58.0,177.0,37.0,196.0,131.0
180,0,59.0,177.0,43.0,199.0,135.0
180,0,60.0,173.0,40.0,202.0,140.0
180,0,61.0,178.0,31.0,209.0,145.0
180,0,62.0,174.0,34.0,211.0,151.0
180,0,63.0,176.0,32.0,217.0,155.0
180,0,64.0,177.0,31.0,221.0,160.0
180,0,65.0,179.0,30.0,224.0,166.0
180,0,66.0,177.0,35.0,225.0,170.0
180,0,67.0,177.0,40.0,228.0,175.0
180,0,68.0,177.0,40.0,231.0,180.0
180,0,69.0,175.0,39.0,234.0,185.0
180,0,70.0,176.0,35.0,239.0,190.0
180,0,71.0,179.0,39.0,243.0,194.0
180,0,72.0,176.0,46.0,244.0,200.0
180,0,73.0,173.0,46.0,248.0,204.0
180,0,74.0,176.0,39.0,255.0,208.0
180,0,75.0,175.0,37.0,259.0,212.0
180,0,76.0,178.0,35.0,264.0,217.0
180,0,77.0,174.0,37.0,266.0,221.0
180,0,78.0,174.0,33.0,272.0,226.0
180,0,79.0,178.0,33.0,278.0,231.0
180,0,80.0,177.0,40.0,280.0,235.0
180,0,81.0,176.0,37.0,283.0,240.0
180,0,82.0,176.0,39.0,287.0,245.0
180,0,83.0,175.0,41.0,291.0,251.0
180,0,84.0,179.0,37.0,296.0,257.0
180,0,85.0,175.0,41.0,297.0,263.0
180,0,86.0,176.0,37.0,302.0,267.0
180,0,87.0,176.0,33.0,306.0,273.0
180,0,88.0,179.0,29.0,310.0,277.0
180,0,89.0,178.0,32.0,311.0,282.0
180,0,90.0,177.0,38.0,313.0,288.0
180,0,91.0,180.0,30.0,316.0,293.0
180,0,92.0,178.0,41.0,316.0,299.0
180,0,93.0,179.0,40.0,318.0,303.0
180,0,94.0,178.0,42.0,319.0,308.0
180,0,95.0,177.0,48.0,321.0,313.0
180,0,96.0,177.0,47.0,324.0,318.0
180,0,97.0,177.0,51.0,327.0,324.0
180,0,98.0,178.0,54.0,330.0,330.0
180,0,99.0,174.0,56.0,332.0,334.0
180,0,100.0,177.0,53.0,338.0,338.0
180,0,101.0,180.0,53.0,341.0,343.0
180,0,102.0,179.0,63.0,341.0,347.0
180,0,103.0,177.0,74.0,342.0,353.0
180,0,104.0,177.0,80.0,345.0,357.0
180,0,105.0,177.0,84.0,348.0,361.0
180,0,106.0,178.0,86.0,351.0,366.0
180,0,107.0,176.0,92.0,353.0,371.0
180,0,108.0,179.0,91.0,357.0,377.0
180,0,109.0,176.0,96.0,358.0,382.0
180,0,110.0,173.0,97.0,362.0,388.0
180,0,111.0,176.0,90.0,369.0,393.0
180,0,112.0,176.0,87.0,373.0,398.0
180,0,113.0,178.0,91.0,377.0,404.0
180,0,114.0,174.0,90.0,379.0,408.0
180,0,115.0,177.0,86.0,385.0,413.0
180,0,116.0,178.0,85.0,388.0,419.0
180,0,117.0,178.0,91.0,390.0,423.0
180,0,118.0,179.0,93.0,392.0,428.0
180,0,119.0,176.0,104.0,393.0,434.0
180,0,120.0,175.0,101.0,397.0,440.0
180,0,121.0,179.0,95.0,402.0,445.0
180,0,122.0,175.0,101.0,403.0,449.0
180,0,123.0,176.0,92.0,408.0,455.0
180,0,124.0,178.0,88.0,412.0,460.0
180,0,125.0,179.0,81.0,414.0,465.0
180,0,126.0,178.0,86.0,415.0,470.0
180,0,127.0,178.0,89.0,417.0,475.0
180,0,128.0,180.0,94.0,419.0,481.0
180,0,129.0,178.0,101.0,419.0,485.0
180,0,130.0,179.0,103.0,421.0,490.0
180,0,131.0,178.0,112.0,422.0,495.0
180,0,132.0,177.0,112.0,424.0,501.0
180,0,133.0,177.0,120.0,427.0,506.0
180,0,134.0,177.0,125.0,430.0,510.0
180,0,135.0,178.0,120.0,433.0,516.0
180,0,136.0,174.0,125.0,435.0,521.0
180,0,137.0,177.0,110.0,441.0,527.0
180,0,138.0,180.0,111.0,444.0,533.0
180,0,139.0,179.0,119.0,444.0,538.0
180,0,140.0,177.0,126.0,445.0,543.0
180,0,141.0,177.0,119.0,448.0,548.0
180,0,142.0,177.0,115.0,451.0,553.0
180,0,143.0,178.0,118.0,454.0,557.0
180,0,144.0,176.0,119.0,456.0,562.0
180,0,145.0,179.0,116.0,460.0,568.0
180,0,146.0,176.0,125.0,461.0,572.0
180,0,147.0,173.0,116.0,465.0,576.0
180,0,148.0,176.0,112.0,472.0,582.0
180,0,149.0,176.0,106.0,476.0,587.0
180,0,150.0,178.0,100.0,480.0,593.0
180,0,151.0,174.0,98.0,482.0,598.0
180,0,152.0,177.0,83.0,488.0,603.0
180,0,153.0,178.0,70.0,491.0,608.0
180,0,154.0,178.0,64.0,493.0,612.0
180,0,155.0,179.0,62.0,495.0,616.0
180,0,156.0,176.0,61.0,496.0,616.0
180,0,157.0,175.0,40.0,500.0,616.0
180,0,158.0,179.0,30.0,505.0,616.0
180,0,159.0,175.0,24.0,506.0,616.0
180,0,160.0,176.0,14.0,511.0,616.0
180,0,161.0,178.0,5.0,515.0,616.0
180,0,162.0,177.0,0.0,517.0,616.0
180,0,163.0,175.0,0.0,518.0,616.0
180,0,164.0,173.0,0.0,520.0,616.0
180,0,165.0,173.0,0.0,522.0,616.0
180,0,166.0,171.0,0.0,522.0,616.0
180,0,167.0,170.0,0.0,524.0,616.0
180,0,168.0,168.0,0.0,525.0,616.0
180,0,169.0,165.0,0.0,527.0,616.0
180,0,170.0,162.0,0.0,530.0,616.0
180,0,171.0,159.0,0.0,533.0,616.0
180,0,172.0,157.0,0.0,536.0,616.0
180,0,173.0,151.0,0.0,538.0,616.0
180,0,174.0,148.0,0.0,544.0,616.0
180,0,175.0,148.0,0.0,547.0,616.0
180,0,176.0,147.0,0.0,547.0,616.0
180,0,177.0,144.0,0.0,548.0,616.0
180,0,178.0,141.0,0.0,551.0,616.0
180,0,179.0,138.0,0.0,554.0,616.0
180,0,180.0,136.0,0.0,557.0,616.0
180,0,181.0,132.0,0.0,559.0,616.0
180,0,182.0,131.0,0.0,563.0,616.0
180,0,183.0,127.0,0.0,564.0,616.0
180,0,184.0,120.0,0.0,568.0,616.0
180,0,185.0,116.0,0.0,575.0,616.0
180,0,186.0,112.0,0.0,579.0,616.0
180,0,187.0,110.0,0.0,583.0,616.0
180,0,188.0,104.0,0.0,585.0,616.0
180,0,189.0,101.0,0.0,591.0,616.0
180,0,190.0,99.0,0.0,594.0,616.0
180,0,191.0,97.0,0.0,596.0,616.0
180,0,192.0,96.0,0.0,598.0,616.0
180,0,193.0,92.0,0.0,599.0,616.0
180,0,194.0,87.0,0.0,603.0,616.0
180,0,195.0,86.0,0.0,608.0,616.0
180,0,196.0,81.0,0.0,609.0,616.0
180,0,197.0,77.0,0.0,614.0,616.0
180,0,198.0,77.0,0.0,618.0,616.0
180,1,0.0,6.0,0.0,0.0,0.0
180,1,1.0,15.0,0.0,0.0,0.0
180,1,2.0,23.0,0.0,0.0,0.0
180,1,3.0,32.0,0.0,0.0,0.0
180,1,4.0,38.0,0.0,0.0,0.0
180,1,5.0,46.0,0.0,0.0,0.0
180,1,6.0,51.0,0.0,0.0,0.0
180,1,7.0,59.0,0.0,0.0,0.0
180,1,8.0,66.0,0.0,0.0,0.0
180,1,9.0,71.0,0.0,0.0,0.0
180,1,10.0,79.0,0.0,0.0,0.0
180,1,11.0,86.0,0.0,0.0,0.0
180,1,12.0,92.0,0.0,0.0,0.0
180,1,13.0,99.0,0.0,0.0,0.0
180,1,14.0,108.0,0.0,0.0,0.0
180,1,15.0,115.0,0.0,0.0,0.0
180,1,16.0,121.0,0.0,0.0,0.0
180,1,17.0,129.0,0.0,0.0,0.0
180,1,18.0,137.0,0.0,0.0,0.0
180,1,19.0,144.0,0.0,0.0,0.0
180,1,20.0,151.0,0.0,0.0,0.0
180,1,21.0,156.0,0.0,2.0,0.0
180,1,22.0,165.0,0.0,5.0,0.0
180,1,23.0,169.0,0.0,9.0,0.0
180,1,24.0,175.0,0.0,14.0,0.0
180,1,25.0,174.0,5.0,18.0,0.0
180,1,26.0,180.0,5.0,24.0,0.0
180,1,27.0,173.0,14.0,24.0,0.0
180,1,28.0,179.0,18.0,31.0,0.0
180,1,29.0,173.0,22.0,32.0,1.0
180,1,30.0,179.0,24.0,39.0,2.0
180,1,31.0,177.0,33.0,40.0,3.0
180,1,32.0,174.0,35.0,43.0,4.0
180,1,33.0,175.0,30.0,49.0,10.0
180,1,34.0,175.0,33.0,54.0,14.0
180,1,35.0,173.0,31.0,59.0,19.0
180,1,36.0,170.0,27.0,66.0,24.0
180,1,37.0,172.0,23.0,76.0,29.0
180,1,38.0,176.0,21.0,84.0,33.0
180,1,39.0,171.0,21.0,88.0,35.0
180,1,40.0,171.0,18.0,97.0,36.0
180,1,41.0,170.0,13.0,106.0,39.0
180,1,42.0,178.0,11.0,116.0,40.0
180,1,43.0,171.0,16.0,118.0,41.0
180,1,44.0,177.0,15.0,127.0,41.0
180,1,45.0,173.0,18.0,130.0,42.0
180,1,46.0,172.0,14.0,137.0,43.0
180,1,47.0,178.0,14.0,145.0,44.0
180,1,48.0,177.0,19.0,147.0,45.0
180,1,49.0,176.0,24.0,150.0,46.0
180,1,50.0,174.0,26.0,154.0,47.0
180,1,51.0,177.0,32.0,160.0,48.0
180,1,52.0,177.0,36.0,163.0,52.0
180,1,53.0,176.0,41.0,166.0,56.0
180,1,54.0,173.0,40.0,170.0,61.0
180,1,55.0,178.0,35.0,177.0,66.0
180,1,56.0,175.0,40.0,179.0,72.0
180,1,57.0,174.0,37.0,184.0,77.0
180,1,58.0,173.0,36.0,190.0,83.0
180,1,59.0,171.0,34.0,197.0,88.0
180,1,60.0,169.0,31.0,206.0,92.0
180,1,61.0,171.0,28.0,217.0,97.0
180,1,62.0,178.0,28.0,226.0,103.0
180,1,63.0,175.0,35.0,228.0,107.0
180,1,64.0,175.0,37.0,233.0,109.0
180,1,65.0,175.0,40.0,238.0,114.0
180,1,66.0,173.0,41.0,243.0,120.0
180,1,67.0,177.0,35.0,250.0,125.0
180,1,68.0,175.0,38.0,253.0,129.0
180,1,69.0,175.0,35.0,258.0,134.0
180,1,70.0,175.0,34.0,263.0,140.0
180,1,71.0,173.0,37.0,268.0,146.0
180,1,72.0,176.0,35.0,275.0,150.0
180,1,73.0,175.0,38.0,279.0,156.0
180,1,74.0,176.0,39.0,284.0,161.0
180,1,75.0,178.0,38.0,288.0,166.0
180,1,76.0,177.0,42.0,290.0,171.0
180,1,77.0,179.0,41.0,293.0,175.0
180,1,78.0,176.0,49.0,294.0,180.0
180,1,79.0,180.0,47.0,298.0,185.0
180,1,80.0,177.0,57.0,298.0,190.0
180,1,81.0,175.0,59.0,301.0,195.0
180,1,82.0,177.0,44.0,306.0,199.0
180,1,83.0,178.0,44.0,309.0,205.0
180,1,84.0,178.0,45.0,311.0,209.0
180,1,85.0,179.0,46.0,313.0,214.0
180,1,86.0,177.0,55.0,314.0,219.0
180,1,87.0,177.0,54.0,317.0,223.0
180,1,88.0,180.0,60.0,320.0,229.0
180,1,89.0,177.0,66.0,320.0,234.0
180,1,90.0,177.0,60.0,323.0,240.0
180,1,91.0,174.0,62.0,326.0,246.0
180,1,92.0,178.0,52.0,332.0,252.0
180,1,93.0,177.0,45.0,334.0,257.0
180,1,94.0,176.0,49.0,337.0,261.0
180,1,95.0,176.0,38.0,341.0,266.0
180,1,96.0,175.0,41.0,345.0,271.0
180,1,97.0,176.0,33.0,350.0,276.0
180,1,98.0,177.0,33.0,354.0,281.0
180,1,99.0,179.0,34.0,357.0,285.0
180,1,100.0,179.0,38.0,358.0,291.0
180,1,101.0,176.0,45.0,359.0,296.0
180,1,102.0,175.0,40.0,363.0,300.0
180,1,103.0,175.0,36.0,368.0,306.0
180,1,104.0,177.0,35.0,373.0,311.0
180,1,105.0,177.0,37.0,376.0,316.0
180,1,106.0,176.0,36.0,379.0,322.0
180,1,107.0,177.0,35.0,383.0,328.0
180,1,108.0,178.0,40.0,386.0,334.0
180,1,109.0,178.0,43.0,388.0,339.0
180,1,110.0,177.0,43.0,390.0,345.0
180,1,111.0,176.0,39.0,393.0,350.0
180,1,112.0,178.0,39.0,397.0,355.0
180,1,113.0,177.0,44.0,399.0,359.0
180,1,114.0,179.0,42.0,402.0,363.0
180,1,115.0,176.0,43.0,403.0,368.0
180,1,116.0,180.0,41.0,407.0,374.0
180,1,117.0,177.0,51.0,407.0,379.0
180,1,118.0,175.0,49.0,410.0,384.0
180,1,119.0,177.0,40.0,415.0,388.0
180,1,120.0,178.0,35.0,418.0,393.0
180,1,121.0,178.0,34.0,420.0,398.0
180,1,122.0,179.0,40.0,422.0,404.0
180,1,123.0,177.0,38.0,423.0,410.0
180,1,124.0,177.0,30.0,426.0,415.0
180,1,125.0,180.0,28.0,429.0,420.0
180,1,126.0,177.0,35.0,429.0,424.0
180,1,127.0,177.0,40.0,432.0,429.0
180,1,128.0,174.0,33.0,435.0,434.0
180,1,129.0,178.0,34.0,441.0,438.0
180,1,130.0,177.0,41.0,443.0,442.0
180,1,131.0,176.0,43.0,446.0,446.0
180,1,132.0,176.0,39.0,450.0,451.0
180,1,133.0,175.0,36.0,454.0,457.0
180,1,134.0,177.0,29.0,459.0,463.0
180,1,135.0,179.0,31.0,462.0,469.0
180,1,136.0,179.0,34.0,463.0,475.0
180,1,137.0,179.0,40.0,464.0,479.0
180,1,138.0,176.0,39.0,465.0,485.0
180,1,139.0,175.0,39.0,469.0,490.0
180,1,140.0,177.0,37.0,474.0,495.0
180,1,141.0,178.0,41.0,477.0,501.0
180,1,142.0,178.0,46.0,479.0,507.0
180,1,143.0,179.0,45.0,481.0,512.0
180,1,144.0,177.0,52.0,482.0,518.0
180,1,145.0,178.0,43.0,485.0,524.0
180,1,146.0,178.0,47.0,487.0,530.0
180,1,147.0,177.0,56.0,489.0,534.0
180,1,148.0,176.0,56.0,492.0,539.0
180,1,149.0,178.0,50.0,496.0,544.0
180,1,150.0,177.0,56.0,498.0,549.0
180,1,151.0,179.0,53.0,501.0,554.0
180,1,152.0,176.0,52.0,502.0,560.0
180,1,153.0,180.0,33.0,506.0,565.0
180,1,154.0,177.0,33.0,506.0,569.0
180,1,155.0,175.0,30.0,509.0,572.0
180,1,156.0,177.0,14.0,514.0,572.0
180,1,157.0,178.0,6.0,517.0,572.0
180,1,158.0,178.0,4.0,519.0,572.0
180,1,159.0,177.0,0.0,521.0,572.0
180,1,160.0,174.0,0.0,522.0,572.0
180,1,161.0,172.0,0.0,525.0,572.0
180,1,162.0,172.0,0.0,527.0,572.0
180,1,163.0,169.0,0.0,527.0,572.0
180,1,164.0,167.0,0.0,530.0,572.0
180,1,165.0,164.0,0.0,532.0,572.0
180,1,166.0,162.0,0.0,535.0,572.0
180,1,167.0,159.0,0.0,537.0,572.0
180,1,168.0,155.0,0.0,540.0,572.0
180,1,169.0,151.0,0.0,544.0,572.0
180,1,170.0,148.0,0.0,548.0,572.0
180,1,171.0,145.0,0.0,551.0,572.0
180,1,172.0,144.0,0.0,554.0,572.0
180,1,173.0,143.0,0.0,555.0,572.0
180,1,174.0,143.0,0.0,556.0,572.0
180,1,175.0,140.0,0.0,556.0,572.0
180,1,176.0,136.0,0.0,559.0,572.0
180,1,177.0,133.0,0.0,563.0,572.0
180,1,178.0,131.0,0.0,566.0,572.0
180,1,179.0,129.0,0.0,568.0,572.0
180,1,180.0,128.0,0.0,570.0,572.0
180,1,181.0,125.0,0.0,571.0,572.0
180,1,182.0,123.0,0.0,574.0,572.0
180,1,183.0,121.0,0.0,576.0,572.0
180,1,184.0,118.0,0.0,578.0,572.0
180,1,185.0,114.0,0.0,581.0,572.0
180,1,186.0,112.0,0.0,585.0,572.0
180,1,187.0,109.0,0.0,587.0,572.0
180,1,188.0,108.0,0.0,590.0,572.0
180,1,189.0,104.0,0.0,591.0,572.0
180,1,190.0,104.0,0.0,595.0,572.0
180,1,191.0,101.0,0.0,595.0,572.0
180,1,192.0,96.0,0.0,598.0,572.0
180,1,193.0,93.0,0.0,603.0,572.0
180,1,194.0,91.0,0.0,606.0,572.0
180,1,195.0,91.0,0.0,608.0,572.0
180,2,0.0,8.0,0.0,0.0,0.0
180,2,1.0,14.0,0.0,0.0,0.0
180,2,2.0,21.0,0.0,0.0,0.0
180,2,3.0,31.0,0.0,0.0,0.0
180,2,4.0,39.0,0.0,0.0,0.0
180,2,5.0,47.0,0.0,0.0,0.0
180,2,6.0,54.0,0.0,0.0,0.0
180,2,7.0,64.0,0.0,0.0,0.0
180,2,8.0,72.0,0.0,0.0,0.0
180,2,9.0,82.0,0.0,0.0,0.0
180,2,10.0,94.0,0.0,0.0,0.0
180,2,11.0,105.0,0.0,0.0,0.0
180,2,12.0,114.0,0.0,0.0,0.0
180,2,13.0,121.0,0.0,0.0,0.0
180,2,14.0,128.0,0.0,0.0,0.0
180,2,15.0,140.0,0.0,0.0,0.0
180,2,16.0,148.0,0.0,0.0,0.0
180,2,17.0,157.0,0.0,1.0,0.0
180,2,18.0,162.0,0.0,1.0,0.0
180,2,19.0,171.0,0.0,1.0,0.0
180,2,20.0,178.0,0.0,1.0,0.0
180,2,21.0,178.0,6.0,2.0,0.0
180,2,22.0,177.0,10.0,4.0,0.0
180,2,23.0,173.0,16.0,7.0,0.0
180,2,24.0,176.0,15.0,14.0,0.0
180,2,25.0,177.0,16.0,18.0,1.0
180,2,26.0,177.0,19.0,21.0,2.0
180,2,27.0,171.0,24.0,24.0,3.0
180,2,28.0,173.0,23.0,33.0,5.0
180,2,29.0,173.0,27.0,40.0,9.0
180,2,30.0,177.0,25.0,47.0,10.0
180,2,31.0,171.0,29.0,50.0,11.0
180,2,32.0,173.0,27.0,59.0,12.0
180,2,33.0,175.0,29.0,66.0,16.0
180,2,34.0,177.0,31.0,71.0,22.0
180,2,35.0,174.0,32.0,74.0,26.0
180,2,36.0,176.0,33.0,80.0,31.0
180,2,37.0,176.0,38.0,84.0,35.0
180,2,38.0,173.0,33.0,88.0,41.0
180,2,39.0,171.0,30.0,95.0,46.0
180,2,40.0,176.0,27.0,104.0,50.0
180,2,41.0,175.0,27.0,108.0,56.0
180,2,42.0,177.0,27.0,113.0,61.0
180,2,43.0,172.0,31.0,116.0,67.0
180,2,44.0,172.0,26.0,124.0,73.0
180,2,45.0,175.0,25.0,132.0,77.0
180,2,46.0,171.0,24.0,137.0,80.0
180,2,47.0,171.0,20.0,146.0,81.0
180,2,48.0,172.0,18.0,155.0,84.0
180,2,49.0,175.0,17.0,163.0,86.0
180,2,50.0,174.0,19.0,168.0,87.0
180,2,51.0,170.0,23.0,174.0,88.0
180,2,52.0,175.0,21.0,184.0,89.0
180,2,53.0,174.0,23.0,189.0,90.0
180,2,54.0,179.0,25.0,195.0,91.0
180,2,55.0,176.0,31.0,196.0,92.0
180,2,56.0,178.0,32.0,200.0,93.0
180,2,57.0,178.0,33.0,202.0,98.0
180,2,58.0,178.0,34.0,204.0,103.0
180,2,59.0,180.0,39.0,206.0,108.0
180,2,60.0,179.0,49.0,206.0,113.0
180,2,61.0,176.0,53.0,207.0,117.0
180,2,62.0,179.0,45.0,211.0,122.0
180,2,63.0,178.0,49.0,212.0,128.0
180,2,64.0,178.0,49.0,214.0,133.0
180,2,65.0,176.0,53.0,216.0,138.0
180,2,66.0,174.0,57.0,220.0,143.0
180,2,67.0,175.0,44.0,226.0,148.0
180,2,68.0,169.0,46.0,231.0,152.0
180,2,69.0,171.0,35.0,242.0,157.0
180,2,70.0,175.0,33.0,251.0,163.0
180,2,71.0,175.0,36.0,256.0,169.0
180,2,72.0,174.0,37.0,261.0,174.0
180,2,73.0,176.0,38.0,267.0,179.0
180,2,74.0,172.0,41.0,271.0,184.0
180,2,75.0,174.0,34.0,279.0,189.0
180,2,76.0,175.0,34.0,285.0,195.0
180,2,77.0,177.0,37.0,290.0,200.0
180,2,78.0,178.0,45.0,293.0,205.0
180,2,79.0,178.0,49.0,295.0,211.0
180,2,80.0,176.0,46.0,297.0,217.0
180,2,81.0,179.0,44.0,301.0,222.0
180,2,82.0,176.0,52.0,302.0,227.0
180,2,83.0,177.0,48.0,306.0,233.0
180,2,84.0,177.0,53.0,309.0,239.0
180,2,85.0,178.0,49.0,312.0,244.0
180,2,86.0,178.0,56.0,314.0,248.0
180,2,87.0,178.0,60.0,316.0,253.0
180,2,88.0,177.0,53.0,318.0,258.0
180,2,89.0,177.0,50.0,321.0,263.0
180,2,90.0,179.0,45.0,324.0,267.0
180,2,91.0,179.0,52.0,325.0,272.0
180,2,92.0,177.0,61.0,326.0,277.0
180,2,93.0,178.0,59.0,329.0,283.0
180,2,94.0,178.0,66.0,331.0,287.0
180,2,95.0,178.0,51.0,333.0,293.0
180,2,96.0,180.0,51.0,335.0,298.0
180,2,97.0,179.0,57.0,335.0,304.0
180,2,98.0,176.0,65.0,336.0,310.0
180,2,99.0,179.0,66.0,340.0,314.0
180,2,100.0,178.0,75.0,341.0,318.0
180,2,101.0,178.0,75.0,343.0,323.0
180,2,102.0,176.0,80.0,345.0,328.0
180,2,103.0,174.0,80.0,349.0,334.0
180,2,104.0,175.0,73.0,355.0,339.0
180,2,105.0,172.0,66.0,360.0,343.0
180,2,106.0,176.0,59.0,368.0,349.0
180,2,107.0,179.0,56.0,372.0,354.0
180,2,108.0,178.0,65.0,373.0,359.0
180,2,109.0,175.0,62.0,375.0,364.0
180,2,110.0,176.0,58.0,380.0,369.0
180,2,111.0,176.0,50.0,384.0,373.0
180,2,112.0,178.0,53.0,388.0,377.0
180,2,113.0,176.0,58.0,390.0,383.0
180,2,114.0,177.0,59.0,394.0,387.0
180,2,115.0,178.0,59.0,397.0,391.0
180,2,116.0,178.0,58.0,399.0,397.0
180,2,117.0,176.0,58.0,401.0,401.0
180,2,118.0,179.0,52.0,405.0,406.0
180,2,119.0,176.0,59.0,406.0,412.0
180,2,120.0,177.0,60.0,410.0,416.0
180,2,121.0,177.0,60.0,413.0,421.0
180,2,122.0,178.0,59.0,416.0,425.0
180,2,123.0,178.0,58.0,418.0,429.0
180,2,124.0,178.0,58.0,420.0,434.0
180,2,125.0,177.0,60.0,422.0,439.0
180,2,126.0,177.0,66.0,425.0,445.0
180,2,127.0,179.0,70.0,428.0,451.0
180,2,128.0,179.0,72.0,429.0,455.0
180,2,129.0,177.0,79.0,430.0,460.0
180,2,130.0,178.0,77.0,433.0,466.0
180,2,131.0,178.0,78.0,435.0,471.0
180,2,132.0,178.0,75.0,437.0,476.0
180,2,133.0,180.0,80.0,439.0,481.0
180,2,134.0,179.0,90.0,439.0,487.0
180,2,135.0,176.0,90.0,440.0,492.0
180,2,136.0,179.0,90.0,444.0,497.0
180,2,137.0,178.0,98.0,445.0,502.0
180,2,138.0,178.0,98.0,447.0,507.0
180,2,139.0,176.0,107.0,449.0,512.0
180,2,140.0,174.0,107.0,453.0,517.0
180,2,141.0,175.0,92.0,459.0,523.0
180,2,142.0,172.0,87.0,464.0,529.0
180,2,143.0,176.0,82.0,472.0,534.0
180,2,144.0,179.0,77.0,476.0,539.0
180,2,145.0,178.0,82.0,477.0,544.0
180,2,146.0,175.0,80.0,479.0,548.0
180,2,147.0,176.0,70.0,484.0,553.0
180,2,148.0,176.0,73.0,488.0,558.0
180,2,149.0,178.0,70.0,492.0,563.0
180,2,150.0,176.0,71.0,494.0,569.0
180,2,151.0,177.0,63.0,498.0,574.0
180,2,152.0,178.0,55.0,501.0,578.0
180,2,153.0,178.0,53.0,503.0,583.0
180,2,154.0,176.0,46.0,505.0,587.0
180,2,155.0,179.0,26.0,509.0,591.0
180,2,156.0,176.0,25.0,510.0,591.0
180,2,157.0,177.0,7.0,514.0,591.0
180,2,158.0,176.0,0.0,517.0,591.0
180,2,159.0,174.0,0.0,520.0,591.0
180,2,160.0,172.0,0.0,522.0,591.0
180,2,161.0,170.0,0.0,524.0,591.0
180,2,162.0,167.0,0.0,526.0,591.0
180,2,163.0,164.0,0.0,529.0,591.0
180,2,164.0,163.0,0.0,532.0,591.0
180,2,165.0,162.0,0.0,533.0,591.0
180,2,166.0,159.0,0.0,534.0,591.0
180,2,167.0,157.0,0.0,537.0,591.0
180,2,168.0,155.0,0.0,539.0,591.0
180,2,169.0,153.0,0.0,541.0,591.0
180,2,170.0,153.0,0.0,543.0,591.0
180,2,171.0,152.0,0.0,543.0,591.0
180,2,172.0,148.0,0.0,544.0,591.0
180,2,173.0,147.0,0.0,548.0,591.0
180,2,174.0,145.0,0.0,549.0,591.0
180,2,175.0,143.0,0.0,551.0,591.0
180,2,176.0,139.0,0.0,553.0,591.0
180,2,177.0,133.0,0.0,557.0,591.0
180,2,178.0,128.0,0.0,563.0,591.0
180,2,179.0,120.0,0.0,568.0,591.0
180,2,180.0,116.0,0.0,576.0,591.0
180,2,181.0,115.0,0.0,580.0,591.0
180,2,182.0,113.0,0.0,581.0,591.0
180,2,183.0,108.0,0.0,583.0,591.0
180,2,184.0,104.0,0.0,588.0,591.0
180,2,185.0,100.0,0.0,592.0,591.0
180,2,186.0,98.0,0.0,596.0,591.0
180,2,187.0,94.0,0.0,598.0,591.0
180,2,188.0,91.0,0.0,602.0,591.0
180,2,189.0,89.0,0.0,605.0,591.0
180,2,190.0,87.0,0.0,607.0,591.0
180,2,191.0,83.0,0.0,609.0,591.0
180,2,192.0,82.0,0.0,613.0,591.0
180,2,193.0,78.0,0.0,614.0,591.0
180,2,194.0,76.0,0.0,618.0,591.0
180,2,195.0,76.0,0.0,620.0,591.0
180,3,0.0,11.0,0.0,0.0,0.0
180,3,1.0,19.0,0.0,0.0,0.0
180,3,2.0,28.0,0.0,0.0,0.0
180,3,3.0,37.0,0.0,0.0,0.0
180,3,4.0,46.0,0.0,0.0,0.0
180,3,5.0,53.0,0.0,0.0,0.0
180,3,6.0,62.0,0.0,0.0,0.0
180,3,7.0,70.0,0.0,0.0,0.0
180,3,8.0,78.0,0.0,0.0,0.0
180,3,9.0,87.0,0.0,1.0,0.0
180,3,10.0,96.0,0.0,1.0,0.0
180,3,11.0,104.0,0.0,1.0,0.0
180,3,12.0,110.0,0.0,1.0,0.0
180,3,13.0,119.0,0.0,1.0,0.0
180,3,14.0,125.0,0.0,1.0,0.0
180,3,15.0,133.0,0.0,1.0,0.0
180,3,16.0,142.0,0.0,1.0,0.0
180,3,17.0,152.0,0.0,1.0,0.0
180,3,18.0,161.0,0.0,1.0,0.0
180,3,19.0,165.0,0.0,1.0,0.0
180,3,20.0,169.0,0.0,5.0,0.0
180,3,21.0,177.0,2.0,8.0,0.0
180,3,22.0,179.0,8.0,11.0,0.0
180,3,23.0,178.0,13.0,12.0,0.0
180,3,24.0,175.0,20.0,14.0,0.0
180,3,25.0,177.0,22.0,19.0,1.0
180,3,26.0,178.0,24.0,22.0,2.0
180,3,27.0,175.0,28.0,24.0,3.0
180,3,28.0,174.0,29.0,29.0,5.0
180,3,29.0,172.0,26.0,35.0,9.0
180,3,30.0,176.0,24.0,43.0,14.0
180,3,31.0,178.0,26.0,47.0,19.0
180,3,32.0,176.0,29.0,49.0,22.0
180,3,33.0,178.0,30.0,53.0,27.0
180,3,34.0,172.0,33.0,55.0,31.0
180,3,35.0,172.0,28.0,63.0,36.0
180,3,36.0,173.0,25.0,71.0,40.0
180,3,37.0,171.0,26.0,78.0,44.0
180,3,38.0,172.0,25.0,87.0,48.0
180,3,39.0,167.0,24.0,95.0,50.0
180,3,40.0,171.0,23.0,108.0,51.0
180,3,41.0,177.0,21.0,117.0,52.0
180,3,42.0,174.0,24.0,120.0,53.0
180,3,43.0,175.0,23.0,126.0,54.0
180,3,44.0,174.0,22.0,131.0,55.0
180,3,45.0,171.0,25.0,137.0,60.0
180,3,46.0,173.0,18.0,146.0,65.0
180,3,47.0,175.0,19.0,153.0,70.0
180,3,48.0,177.0,22.0,158.0,71.0
180,3,49.0,176.0,24.0,161.0,72.0
180,3,50.0,179.0,28.0,165.0,73.0
180,3,51.0,177.0,39.0,166.0,74.0
180,3,52.0,174.0,41.0,169.0,78.0
180,3,53.0,175.0,38.0,175.0,83.0
180,3,54.0,173.0,43.0,180.0,88.0
180,3,55.0,178.0,42.0,187.0,93.0
180,3,56.0,178.0,44.0,189.0,99.0
180,3,57.0,172.0,45.0,191.0,105.0
180,3,58.0,176.0,38.0,199.0,110.0
180,3,59.0,179.0,41.0,203.0,115.0
180,3,60.0,174.0,47.0,204.0,119.0
180,3,61.0,171.0,42.0,210.0,125.0
180,3,62.0,178.0,35.0,219.0,130.0
180,3,63.0,174.0,41.0,221.0,134.0
180,3,64.0,176.0,36.0,227.0,140.0
180,3,65.0,174.0,39.0,231.0,144.0
180,3,66.0,177.0,36.0,237.0,149.0
180,3,67.0,176.0,37.0,240.0,154.0
180,3,68.0,179.0,38.0,244.0,158.0
180,3,69.0,173.0,40.0,245.0,163.0
180,3,70.0,177.0,38.0,252.0,167.0
180,3,71.0,173.0,38.0,255.0,173.0
180,3,72.0,176.0,32.0,262.0,177.0
180,3,73.0,178.0,35.0,266.0,182.0
180,3,74.0,176.0,36.0,268.0,187.0
180,3,75.0,176.0,35.0,272.0,192.0
180,3,76.0,175.0,34.0,276.0,197.0
180,3,77.0,177.0,32.0,281.0,202.0
180,3,78.0,178.0,33.0,284.0,207.0
180,3,79.0,175.0,34.0,286.0,213.0
180,3,80.0,179.0,36.0,291.0,217.0
180,3,81.0,178.0,43.0,292.0,222.0
180,3,82.0,178.0,37.0,294.0,227.0
180,3,83.0,176.0,34.0,296.0,233.0
180,3,84.0,178.0,37.0,300.0,238.0
180,3,85.0,180.0,46.0,302.0,243.0
180,3,86.0,176.0,55.0,302.0,247.0
180,3,87.0,179.0,56.0,306.0,251.0
180,3,88.0,177.0,57.0,307.0,256.0
180,3,89.0,178.0,53.0,310.0,262.0
180,3,90.0,177.0,58.0,312.0,267.0
180,3,91.0,174.0,54.0,315.0,272.0
180,3,92.0,178.0,52.0,321.0,277.0
180,3,93.0,178.0,59.0,323.0,282.0
180,3,94.0,172.0,62.0,325.0,287.0
180,3,95.0,176.0,46.0,333.0,292.0
180,3,96.0,179.0,38.0,337.0,297.0
180,3,97.0,174.0,44.0,338.0,302.0
180,3,98.0,174.0,35.0,344.0,306.0
180,3,99.0,178.0,33.0,350.0,310.0
180,3,100.0,176.0,33.0,352.0,316.0
180,3,101.0,176.0,35.0,356.0,320.0
180,3,102.0,175.0,35.0,360.0,325.0
180,3,103.0,177.0,43.0,365.0,330.0
180,3,104.0,176.0,50.0,368.0,335.0
180,3,105.0,179.0,50.0,372.0,340.0
180,3,106.0,174.0,54.0,373.0,346.0
180,3,107.0,177.0,45.0,379.0,350.0
180,3,108.0,176.0,50.0,382.0,356.0
180,3,109.0,177.0,47.0,386.0,362.0
180,3,110.0,178.0,51.0,389.0,368.0
180,3,111.0,176.0,58.0,391.0,373.0
180,3,112.0,178.0,47.0,395.0,377.0
180,3,113.0,176.0,54.0,397.0,382.0
180,3,114.0,180.0,48.0,401.0,387.0
180,3,115.0,178.0,55.0,401.0,393.0
180,3,116.0,175.0,57.0,403.0,397.0
180,3,117.0,179.0,51.0,408.0,402.0
180,3,118.0,178.0,54.0,409.0,408.0
180,3,119.0,179.0,66.0,411.0,413.0
180,3,120.0,176.0,72.0,412.0,418.0
180,3,121.0,178.0,71.0,416.0,424.0
180,3,122.0,180.0,71.0,418.0,428.0
180,3,123.0,176.0,77.0,418.0,434.0
180,3,124.0,179.0,77.0,422.0,440.0
180,3,125.0,177.0,81.0,423.0,445.0
180,3,126.0,178.0,74.0,426.0,449.0
180,3,127.0,177.0,74.0,428.0,455.0
180,3,128.0,174.0,78.0,431.0,459.0
180,3,129.0,178.0,68.0,437.0,464.0
180,3,130.0,178.0,72.0,439.0,469.0
180,3,131.0,172.0,72.0,441.0,474.0
180,3,132.0,176.0,63.0,449.0,479.0
180,3,133.0,179.0,67.0,453.0,484.0
180,3,134.0,174.0,64.0,454.0,488.0
180,3,135.0,174.0,53.0,460.0,493.0
180,3,136.0,178.0,41.0,466.0,497.0
180,3,137.0,178.0,49.0,468.0,501.0
180,3,138.0,179.0,59.0,470.0,506.0
180,3,139.0,177.0,64.0,471.0,511.0
180,3,140.0,177.0,66.0,474.0,516.0
180,3,141.0,176.0,63.0,477.0,522.0
180,3,142.0,179.0,66.0,481.0,527.0
180,3,143.0,174.0,69.0,482.0,533.0
180,3,144.0,177.0,59.0,488.0,539.0
180,3,145.0,176.0,63.0,491.0,545.0
180,3,146.0,177.0,63.0,495.0,550.0
180,3,147.0,178.0,64.0,498.0,555.0
180,3,148.0,176.0,70.0,500.0,561.0
180,3,149.0,178.0,57.0,504.0,567.0
180,3,150.0,176.0,61.0,506.0,572.0
180,3,151.0,180.0,40.0,510.0,577.0
180,3,152.0,178.0,40.0,510.0,582.0
180,3,153.0,175.0,38.0,512.0,588.0
180,3,154.0,179.0,28.0,517.0,592.0
180,3,155.0,178.0,27.0,518.0,596.0
180,3,156.0,179.0,20.0,520.0,596.0
180,3,157.0,176.0,19.0,521.0,596.0
180,3,158.0,177.0,0.0,525.0,596.0
180,3,159.0,177.0,0.0,527.0,596.0
180,3,160.0,173.0,0.0,527.0,596.0
180,3,161.0,172.0,0.0,531.0,596.0
180,3,162.0,169.0,0.0,532.0,596.0
180,3,163.0,167.0,0.0,535.0,596.0
180,3,164.0,164.0,0.0,537.0,596.0
180,3,165.0,158.0,0.0,540.0,596.0
180,3,166.0,156.0,0.0,546.0,596.0
180,3,167.0,154.0,0.0,548.0,596.0
180,3,168.0,146.0,0.0,550.0,596.0
180,3,169.0,142.0,0.0,558.0,596.0
180,3,170.0,141.0,0.0,562.0,596.0
180,3,171.0,135.0,0.0,563.0,596.0
180,3,172.0,129.0,0.0,569.0,596.0
180,3,173.0,127.0,0.0,575.0,596.0
180,3,174.0,125.0,0.0,577.0,596.0
180,3,175.0,124.0,0.0,579.0,596.0
180,3,176.0,121.0,0.0,580.0,596.0
180,3,177.0,118.0,0.0,583.0,596.0
180,3,178.0,114.0,0.0,586.0,596.0
180,3,179.0,113.0,0.0,590.0,596.0
180,3,180.0,107.0,0.0,591.0,596.0
180,3,181.0,104.0,0.0,597.0,596.0
180,3,182.0,100.0,0.0,600.0,596.0
180,3,183.0,97.0,0.0,604.0,596.0
180,3,184.0,95.0,0.0,607.0,596.0
180,3,185.0,91.0,0.0,609.0,596.0
180,3,186.0,89.0,0.0,613.0,596.0
180,3,187.0,85.0,0.0,615.0,596.0
180,3,188.0,85.0,0.0,619.0,596.0
180,3,189.0,83.0,0.0,619.0,596.0
180,3,190.0,78.0,0.0,621.0,596.0
180,3,191.0,77.0,0.0,626.0,596.0
180,3,192.0,75.0,0.0,627.0,596.0
180,3,193.0,74.0,0.0,629.0,596.0
180,3,194.0,71.0,0.0,630.0,596.0
180,3,195.0,71.0,0.0,633.0,596.0
180,4,0.0,9.0,0.0,0.0,0.0
180,4,1.0,16.0,0.0,0.0,0.0
180,4,2.0,26.0,0.0,0.0,0.0
180,4,3.0,33.0,0.0,0.0,0.0
180,4,4.0,42.0,0.0,0.0,0.0
180,4,5.0,49.0,0.0,0.0,0.0
180,4,6.0,60.0,0.0,0.0,0.0
180,4,7.0,68.0,0.0,0.0,0.0
180,4,8.0,74.0,0.0,0.0,0.0
180,4,9.0,80.0,0.0,0.0,0.0
180,4,10.0,89.0,0.0,0.0,0.0
180,4,11.0,95.0,0.0,0.0,0.0
180,4,12.0,105.0,0.0,0.0,0.0
180,4,13.0,112.0,0.0,1.0,0.0
180,4,14.0,121.0,0.0,1.0,0.0
180,4,15.0,129.0,0.0,1.0,0.0
180,4,16.0,136.0,0.0,1.0,0.0
180,4,17.0,146.0,0.0,1.0,0.0
180,4,18.0,156.0,0.0,1.0,0.0
180,4,19.0,162.0,0.0,2.0,0.0
180,4,20.0,164.0,0.0,2.0,0.0
180,4,21.0,172.0,0.0,8.0,0.0
180,4,22.0,179.0,0.0,10.0,0.0
180,4,23.0,177.0,5.0,11.0,0.0
180,4,24.0,176.0,9.0,14.0,0.0
180,4,25.0,177.0,12.0,18.0,0.0
180,4,26.0,175.0,16.0,21.0,0.0
180,4,27.0,170.0,19.0,26.0,1.0
180,4,28.0,178.0,16.0,36.0,2.0
180,4,29.0,176.0,19.0,38.0,3.0
180,4,30.0,175.0,18.0,42.0,4.0
180,4,31.0,179.0,20.0,47.0,5.0
180,4,32.0,178.0,27.0,48.0,8.0
180,4,33.0,174.0,28.0,50.0,12.0
180,4,34.0,172.0,25.0,56.0,16.0
180,4,35.0,174.0,24.0,64.0,20.0
180,4,36.0,170.0,26.0,70.0,25.0
180,4,37.0,176.0,21.0,80.0,29.0
180,4,38.0,172.0,22.0,84.0,32.0
180,4,39.0,175.0,23.0,92.0,33.0
180,4,40.0,169.0,23.0,97.0,35.0
180,4,41.0,175.0,18.0,108.0,37.0
180,4,42.0,167.0,19.0,113.0,39.0
180,4,43.0,173.0,12.0,126.0,40.0
180,4,44.0,175.0,11.0,133.0,41.0
180,4,45.0,177.0,14.0,138.0,42.0
180,4,46.0,172.0,19.0,141.0,43.0
180,4,47.0,177.0,19.0,149.0,44.0
180,4,48.0,171.0,25.0,152.0,45.0
180,4,49.0,177.0,22.0,161.0,46.0
180,4,50.0,173.0,29.0,164.0,47.0
180,4,51.0,175.0,28.0,171.0,48.0
180,4,52.0,176.0,32.0,176.0,51.0
180,4,53.0,171.0,35.0,180.0,55.0
180,4,54.0,173.0,34.0,189.0,59.0
180,4,55.0,178.0,31.0,196.0,64.0
180,4,56.0,175.0,37.0,198.0,69.0
180,4,57.0,173.0,36.0,203.0,74.0
180,4,58.0,176.0,33.0,210.0,80.0
180,4,59.0,173.0,35.0,214.0,85.0
180,4,60.0,178.0,35.0,221.0,89.0
180,4,61.0,175.0,42.0,223.0,94.0
180,4,62.0,176.0,40.0,228.0,99.0
180,4,63.0,175.0,36.0,232.0,104.0
180,4,64.0,175.0,33.0,237.0,110.0
180,4,65.0,175.0,34.0,242.0,115.0
180,4,66.0,172.0,33.0,247.0,121.0
180,4,67.0,175.0,28.0,255.0,126.0
180,4,68.0,175.0,32.0,260.0,130.0
180,4,69.0,177.0,34.0,265.0,134.0
180,4,70.0,175.0,40.0,268.0,139.0
180,4,71.0,174.0,34.0,273.0,144.0
180,4,72.0,179.0,36.0,279.0,148.0
180,4,73.0,175.0,40.0,280.0,152.0
180,4,74.0,179.0,38.0,285.0,157.0
180,4,75.0,177.0,45.0,286.0,162.0
180,4,76.0,178.0,46.0,289.0,166.0
180,4,77.0,174.0,46.0,291.0,171.0
180,4,78.0,179.0,44.0,297.0,175.0
180,4,79.0,175.0,47.0,298.0,179.0
180,4,80.0,178.0,49.0,303.0,184.0
180,4,81.0,179.0,48.0,305.0,190.0
180,4,82.0,178.0,55.0,306.0,196.0
180,4,83.0,177.0,49.0,308.0,201.0
180,4,84.0,180.0,52.0,311.0,206.0
180,4,85.0,176.0,59.0,311.0,211.0
180,4,86.0,178.0,52.0,315.0,216.0
180,4,87.0,175.0,59.0,317.0,222.0
180,4,88.0,176.0,50.0,322.0,226.0
180,4,89.0,179.0,50.0,326.0,231.0
180,4,90.0,174.0,57.0,327.0,235.0
180,4,91.0,177.0,42.0,333.0,241.0
180,4,92.0,178.0,48.0,336.0,245.0
180,4,93.0,177.0,47.0,338.0,249.0
180,4,94.0,176.0,48.0,341.0,254.0
180,4,95.0,178.0,45.0,345.0,260.0
180,4,96.0,177.0,43.0,347.0,264.0
180,4,97.0,178.0,51.0,350.0,269.0
180,4,98.0,175.0,54.0,352.0,273.0
180,4,99.0,177.0,49.0,357.0,278.0
180,4,100.0,176.0,50.0,360.0,282.0
180,4,101.0,177.0,48.0,364.0,286.0
180,4,102.0,177.0,51.0,367.0,291.0
180,4,103.0,177.0,57.0,370.0,296.0
180,4,104.0,178.0,51.0,373.0,301.0
180,4,105.0,177.0,49.0,375.0,306.0
180,4,106.0,177.0,51.0,378.0,311.0
180,4,107.0,177.0,54.0,381.0,315.0
180,4,108.0,175.0,53.0,384.0,319.0
180,4,109.0,179.0,54.0,389.0,324.0
180,4,110.0,175.0,58.0,390.0,329.0
180,4,111.0,179.0,58.0,395.0,335.0
180,4,112.0,177.0,65.0,396.0,340.0
180,4,113.0,178.0,60.0,399.0,345.0
180,4,114.0,174.0,58.0,401.0,349.0
180,4,115.0,179.0,45.0,407.0,354.0
180,4,116.0,175.0,54.0,408.0,360.0
180,4,117.0,178.0,47.0,413.0,365.0
180,4,118.0,179.0,49.0,415.0,371.0
180,4,119.0,178.0,52.0,416.0,377.0
180,4,120.0,177.0,49.0,418.0,383.0
180,4,121.0,180.0,47.0,421.0,387.0
180,4,122.0,176.0,53.0,421.0,392.0
180,4,123.0,178.0,52.0,425.0,396.0
180,4,124.0,175.0,60.0,427.0,401.0
180,4,125.0,176.0,55.0,432.0,407.0
180,4,126.0,179.0,54.0,436.0,411.0
180,4,127.0,174.0,63.0,437.0,416.0
180,4,128.0,177.0,43.0,443.0,422.0
180,4,129.0,178.0,47.0,446.0,427.0
180,4,130.0,177.0,48.0,448.0,432.0
180,4,131.0,176.0,56.0,451.0,437.0
180,4,132.0,178.0,50.0,455.0,443.0
180,4,133.0,177.0,55.0,457.0,447.0
180,4,134.0,178.0,52.0,460.0,451.0
180,4,135.0,175.0,53.0,462.0,456.0
180,4,136.0,177.0,49.0,467.0,462.0
180,4,137.0,176.0,48.0,470.0,468.0
180,4,138.0,177.0,45.0,474.0,473.0
180,4,139.0,177.0,40.0,477.0,478.0
180,4,140.0,177.0,37.0,480.0,483.0
180,4,141.0,178.0,38.0,483.0,488.0
180,4,142.0,177.0,42.0,485.0,494.0
180,4,143.0,177.0,43.0,488.0,499.0
180,4,144.0,177.0,46.0,491.0,504.0
180,4,145.0,175.0,51.0,494.0,510.0
180,4,146.0,179.0,46.0,499.0,514.0
180,4,147.0,175.0,52.0,500.0,519.0
180,4,148.0,179.0,47.0,505.0,524.0
180,4,149.0,177.0,57.0,506.0,529.0
180,4,150.0,178.0,57.0,509.0,534.0
180,4,151.0,174.0,55.0,511.0,540.0
180,4,152.0,179.0,39.0,517.0,544.0
180,4,153.0,175.0,38.0,518.0,548.0
180,4,154.0,178.0,23.0,523.0,553.0
180,4,155.0,179.0,17.0,525.0,558.0
180,4,156.0,178.0,16.0,526.0,558.0
180,4,157.0,177.0,14.0,528.0,558.0
180,4,158.0,179.0,0.0,531.0,558.0
180,4,159.0,175.0,0.0,531.0,558.0
180,4,160.0,173.0,0.0,535.0,558.0
180,4,161.0,168.0,0.0,537.0,558.0
180,4,162.0,164.0,0.0,542.0,558.0
180,4,163.0,163.0,0.0,546.0,558.0
180,4,164.0,157.0,0.0,547.0,558.0
180,4,165.0,154.0,0.0,553.0,558.0
180,4,166.0,152.0,0.0,556.0,558.0
180,4,167.0,149.0,0.0,558.0,558.0
180,4,168.0,145.0,0.0,561.0,558.0
180,4,169.0,143.0,0.0,565.0,558.0
180,4,170.0,140.0,0.0,567.0,558.0
180,4,171.0,138.0,0.0,570.0,558.0
180,4,172.0,133.0,0.0,572.0,558.0
180,4,173.0,130.0,0.0,577.0,558.0
180,4,174.0,126.0,0.0,580.0,558.0
180,4,175.0,123.0,0.0,584.0,558.0
180,4,176.0,121.0,0.0,587.0,558.0
180,4,177.0,120.0,0.0,589.0,558.0
180,4,178.0,118.0,0.0,590.0,558.0
180,4,179.0,115.0,0.0,592.0,558.0
180,4,180.0,112.0,0.0,595.0,558.0
180,4,181.0,109.0,0.0,598.0,558.0
180,4,182.0,104.0,0.0,601.0,558.0
180,4,183.0,103.0,0.0,606.0,558.0
180,4,184.0,98.0,0.0,607.0,558.0
180,4,185.0,97.0,0.0,612.0,558.0
180,4,186.0,94.0,0.0,613.0,558.0
180,4,187.0,92.0,0.0,616.0,558.0
180,4,188.0,86.0,0.0,618.0,558.0
180,4,189.0,85.0,0.0,624.0,558.0
180,4,190.0,80.0,0.0,625.0,558.0
180,4,191.0,78.0,0.0,630.0,558.0
180,4,192.0,77.0,0.0,632.0,558.0
180,4,193.0,75.0,0.0,633.0,558.0
180,4,194.0,73.0,0.0,635.0,558.0
180,4,195.0,73.0,0.0,637.0,558.0
230,5,0.0,6.0,0.0,0.0,0.0
230,5,1.0,17.0,0.0,0.0,0.0
230,5,2.0,24.0,0.0,0.0,0.0
230,5,3.0,36.0,0.0,0.0,0.0
230,5,4.0,41.0,0.0,0.0,0.0
230,5,5.0,48.0,0.0,0.0,0.0
230,5,6.0,55.0,0.0,0.0,0.0
230,5,7.0,63.0,0.0,0.0,0.0
230,5,8.0,72.0,0.0,0.0,0.0
230,5,9.0,80.0,0.0,0.0,0.0
230,5,10.0,87.0,0.0,0.0,0.0
230,5,11.0,95.0,0.0,0.0,0.0
230,5,12.0,101.0,0.0,0.0,0.0
230,5,13.0,110.0,0.0,0.0,0.0
230,5,14.0,120.0,0.0,0.0,0.0
230,5,15.0,132.0,0.0,0.0,0.0
230,5,16.0,138.0,0.0,0.0,0.0
230,5,17.0,144.0,0.0,1.0,0.0
230,5,18.0,153.0,0.0,1.0,0.0
230,5,19.0,161.0,0.0,1.0,0.0
230,5,20.0,169.0,0.0,2.0,0.0
230,5,21.0,173.0,0.0,4.0,0.0
230,5,22.0,176.0,0.0,6.0,0.0
230,5,23.0,184.0,0.0,9.0,0.0
230,5,24.0,185.0,0.0,10.0,0.0
230,5,25.0,185.0,0.0,16.0,0.0
230,5,26.0,188.0,0.0,22.0,0.0
230,5,27.0,193.0,0.0,28.0,0.0
230,5,28.0,198.0,0.0,31.0,0.0
230,5,29.0,199.0,0.0,33.0,0.0
230,5,30.0,204.0,0.0,39.0,0.0
230,5,31.0,206.0,0.0,41.0,0.0
230,5,32.0,207.0,0.0,47.0,0.0
230,5,33.0,209.0,0.0,55.0,0.0
230,5,34.0,208.0,0.0,59.0,0.0
230,5,35.0,209.0,0.0,65.0,0.0
230,5,36.0,213.0,0.0,71.0,0.0
230,5,37.0,209.0,0.0,77.0,0.0
230,5,38.0,212.0,0.0,89.0,0.0
230,5,39.0,214.0,0.0,93.0,0.0
230,5,40.0,218.0,0.0,103.0,0.0
230,5,41.0,219.0,0.0,107.0,0.0
230,5,42.0,222.0,0.0,114.0,0.0
230,5,43.0,222.0,1.0,122.0,0.0
230,5,44.0,218.0,0.0,130.0,0.0
230,5,45.0,219.0,0.0,140.0,0.0
230,5,46.0,217.0,0.0,145.0,0.0
230,5,47.0,220.0,0.0,152.0,0.0
230,5,48.0,218.0,0.0,158.0,0.0
230,5,49.0,222.0,0.0,168.0,0.0
230,5,50.0,215.0,0.0,173.0,0.0
230,5,51.0,214.0,0.0,187.0,0.0
230,5,52.0,217.0,0.0,196.0,0.0
230,5,53.0,213.0,0.0,201.0,0.0
230,5,54.0,215.0,0.0,212.0,0.0
230,5,55.0,213.0,0.0,218.0,0.0
230,5,56.0,215.0,0.0,227.0,0.0
230,5,57.0,220.0,0.0,234.0,0.0
230,5,58.0,226.0,0.0,241.0,0.0
230,5,59.0,217.0,4.0,245.0,0.0
230,5,60.0,225.0,1.0,258.0,0.0
230,5,61.0,221.0,7.0,263.0,0.0
230,5,62.0,220.0,9.0,272.0,0.0
230,5,63.0,222.0,11.0,282.0,0.0
230,5,64.0,223.0,11.0,290.0,0.0
230,5,65.0,224.0,12.0,297.0,0.0
230,5,66.0,225.0,15.0,303.0,0.0
230,5,67.0,218.0,16.0,308.0,1.0
230,5,68.0,221.0,16.0,320.0,2.0
230,5,69.0,223.0,17.0,329.0,3.0
230,5,70.0,222.0,16.0,336.0,3.0
230,5,71.0,224.0,14.0,344.0,4.0
230,5,72.0,223.0,17.0,350.0,5.0
230,5,73.0,220.0,18.0,357.0,6.0
230,5,74.0,221.0,16.0,367.0,7.0
230,5,75.0,216.0,13.0,376.0,8.0
230,5,76.0,223.0,7.0,390.0,9.0
230,5,77.0,224.0,7.0,397.0,10.0
230,5,78.0,219.0,7.0,403.0,10.0
230,5,79.0,221.0,5.0,414.0,10.0
230,5,80.0,226.0,4.0,423.0,10.0
230,5,81.0,224.0,5.0,427.0,10.0
230,5,82.0,226.0,8.0,433.0,10.0
230,5,83.0,220.0,10.0,437.0,10.0
230,5,84.0,220.0,10.0,447.0,10.0
230,5,85.0,220.0,9.0,457.0,11.0
230,5,86.0,226.0,8.0,467.0,11.0
230,5,87.0,224.0,16.0,471.0,11.0
230,5,88.0,224.0,18.0,477.0,11.0
230,5,89.0,224.0,21.0,483.0,12.0
230,5,90.0,224.0,22.0,489.0,13.0
230,5,91.0,221.0,20.0,495.0,14.0
230,5,92.0,224.0,17.0,504.0,15.0
230,5,93.0,223.0,19.0,510.0,16.0
230,5,94.0,221.0,19.0,517.0,17.0
230,5,95.0,220.0,16.0,526.0,18.0
230,5,96.0,222.0,15.0,536.0,19.0
230,5,97.0,221.0,17.0,544.0,20.0
230,5,98.0,217.0,15.0,553.0,21.0
230,5,99.0,217.0,13.0,566.0,22.0
230,5,100.0,222.0,7.0,579.0,23.0
230,5,101.0,223.0,11.0,587.0,23.0
230,5,102.0,226.0,10.0,594.0,23.0
230,5,103.0,224.0,17.0,598.0,23.0
230,5,104.0,221.0,22.0,604.0,23.0
230,5,105.0,220.0,20.0,613.0,24.0
230,5,106.0,227.0,16.0,623.0,25.0
230,5,107.0,224.0,18.0,626.0,26.0
230,5,108.0,221.0,16.0,632.0,27.0
230,5,109.0,226.0,15.0,641.0,28.0
230,5,110.0,224.0,16.0,645.0,29.0
230,5,111.0,222.0,18.0,651.0,30.0
230,5,112.0,224.0,19.0,659.0,31.0
230,5,113.0,225.0,23.0,665.0,32.0
230,5,114.0,223.0,27.0,670.0,33.0
230,5,115.0,213.0,26.0,677.0,34.0
230,5,116.0,224.0,14.0,694.0,35.0
230,5,117.0,229.0,17.0,700.0,36.0
230,5,118.0,225.0,25.0,701.0,37.0
230,5,119.0,216.0,27.0,706.0,38.0
230,5,120.0,223.0,23.0,720.0,40.0
230,5,121.0,219.0,27.0,727.0,42.0
230,5,122.0,223.0,21.0,738.0,43.0
230,5,123.0,221.0,23.0,745.0,44.0
230,5,124.0,223.0,24.0,754.0,45.0
230,5,125.0,225.0,23.0,761.0,46.0
230,5,126.0,222.0,23.0,766.0,47.0
230,5,127.0,226.0,23.0,774.0,48.0
230,5,128.0,223.0,25.0,778.0,49.0
230,5,129.0,226.0,25.0,785.0,51.0
230,5,130.0,222.0,29.0,789.0,55.0
230,5,131.0,225.0,27.0,797.0,57.0
230,5,132.0,223.0,30.0,802.0,63.0
230,5,133.0,224.0,34.0,809.0,67.0
230,5,134.0,221.0,33.0,815.0,72.0
230,5,135.0,222.0,30.0,824.0,77.0
230,5,136.0,219.0,30.0,832.0,81.0
230,5,137.0,224.0,26.0,843.0,86.0
230,5,138.0,222.0,25.0,849.0,92.0
230,5,139.0,227.0,21.0,857.0,94.0
230,5,140.0,224.0,28.0,860.0,96.0
230,5,141.0,221.0,28.0,866.0,98.0
230,5,142.0,223.0,27.0,875.0,104.0
230,5,143.0,224.0,28.0,882.0,108.0
230,5,144.0,224.0,29.0,888.0,109.0
230,5,145.0,227.0,32.0,894.0,112.0
230,5,146.0,223.0,39.0,897.0,115.0
230,5,147.0,224.0,37.0,904.0,120.0
230,5,148.0,224.0,38.0,910.0,126.0
230,5,149.0,225.0,42.0,916.0,130.0
230,5,150.0,228.0,42.0,921.0,135.0
230,5,151.0,225.0,34.0,923.0,141.0
230,5,152.0,221.0,24.0,928.0,146.0
230,5,153.0,228.0,9.0,937.0,151.0
230,5,154.0,230.0,5.0,939.0,156.0
230,5,155.0,229.0,5.0,939.0,160.0
230,5,156.0,219.0,0.0,940.0,160.0
230,5,157.0,216.0,0.0,950.0,160.0
230,5,158.0,210.0,0.0,953.0,160.0
230,5,159.0,206.0,0.0,959.0,160.0
230,5,160.0,202.0,0.0,963.0,160.0
230,5,161.0,196.0,0.0,967.0,160.0
230,5,162.0,190.0,0.0,973.0,160.0
230,5,163.0,184.0,0.0,979.0,160.0
230,5,164.0,180.0,0.0,985.0,160.0
230,5,165.0,178.0,0.0,989.0,160.0
230,5,166.0,174.0,0.0,991.0,160.0
230,5,167.0,170.0,0.0,995.0,160.0
230,5,168.0,168.0,0.0,999.0,160.0
230,5,169.0,165.0,0.0,1001.0,160.0
230,5,170.0,163.0,0.0,1004.0,160.0
230,5,171.0,157.0,0.0,1006.0,160.0
230,5,172.0,153.0,0.0,1012.0,160.0
230,5,173.0,149.0,0.0,1016.0,160.0
230,5,174.0,146.0,0.0,1020.0,160.0
230,5,175.0,143.0,0.0,1023.0,160.0
230,5,176.0,141.0,0.0,1026.0,160.0
230,5,177.0,140.0,0.0,1028.0,160.0
230,5,178.0,138.0,0.0,1029.0,160.0
230,5,179.0,133.0,0.0,1031.0,160.0
230,5,180.0,131.0,0.0,1036.0,160.0
230,5,181.0,127.0,0.0,1038.0,160.0
230,5,182.0,126.0,0.0,1042.0,160.0
230,5,183.0,123.0,0.0,1043.0,160.0
230,5,184.0,119.0,0.0,1046.0,160.0
230,5,185.0,115.0,0.0,1050.0,160.0
230,5,186.0,110.0,0.0,1054.0,160.0
230,5,187.0,108.0,0.0,1059.0,160.0
230,5,188.0,103.0,0.0,1061.0,160.0
230,5,189.0,97.0,0.0,1066.0,160.0
230,5,190.0,95.0,0.0,1072.0,160.0
230,5,191.0,95.0,0.0,1074.0,160.0
230,6,0.0,7.0,0.0,0.0,0.0
230,6,1.0,16.0,0.0,0.0,0.0
230,6,2.0,24.0,0.0,0.0,0.0
230,6,3.0,33.0,0.0,0.0,0.0
230,6,4.0,39.0,0.0,0.0,0.0
230,6,5.0,48.0,0.0,0.0,0.0
230,6,6.0,56.0,0.0,0.0,0.0
230,6,7.0,68.0,0.0,0.0,0.0
230,6,8.0,78.0,0.0,0.0,0.0
230,6,9.0,83.0,0.0,0.0,0.0
230,6,10.0,89.0,0.0,0.0,0.0
230,6,11.0,97.0,0.0,0.0,0.0
230,6,12.0,102.0,0.0,0.0,0.0
230,6,13.0,111.0,0.0,0.0,0.0
230,6,14.0,120.0,0.0,0.0,0.0
230,6,15.0,126.0,0.0,0.0,0.0
230,6,16.0,136.0,0.0,0.0,0.0
230,6,17.0,141.0,0.0,0.0,0.0
230,6,18.0,146.0,0.0,1.0,0.0
230,6,19.0,155.0,0.0,1.0,0.0
230,6,20.0,159.0,0.0,1.0,0.0
230,6,21.0,164.0,0.0,5.0,0.0
230,6,22.0,168.0,0.0,7.0,0.0
230,6,23.0,177.0,0.0,13.0,0.0
230,6,24.0,180.0,0.0,13.0,0.0
230,6,25.0,182.0,0.0,18.0,0.0
230,6,26.0,187.0,0.0,26.0,0.0
230,6,27.0,195.0,0.0,29.0,0.0
230,6,28.0,194.0,0.0,32.0,0.0
230,6,29.0,197.0,0.0,39.0,0.0
230,6,30.0,197.0,0.0,44.0,0.0
230,6,31.0,203.0,0.0,49.0,0.0
230,6,32.0,209.0,0.0,51.0,0.0
230,6,33.0,209.0,0.0,53.0,0.0
230,6,34.0,212.0,0.0,60.0,0.0
230,6,35.0,215.0,0.0,66.0,0.0
230,6,36.0,213.0,0.0,69.0,0.0
230,6,37.0,212.0,0.0,78.0,0.0
230,6,38.0,216.0,0.0,88.0,0.0
230,6,39.0,217.0,0.0,94.0,0.0
230,6,40.0,216.0,0.0,102.0,0.0
230,6,41.0,219.0,0.0,108.0,0.0
230,6,42.0,221.0,1.0,114.0,0.0
230,6,43.0,217.0,2.0,123.0,0.0
230,6,44.0,223.0,0.0,136.0,0.0
230,6,45.0,225.0,0.0,143.0,0.0
230,6,46.0,226.0,3.0,148.0,0.0
230,6,47.0,214.0,6.0,152.0,0.0
230,6,48.0,219.0,0.0,168.0,0.0
230,6,49.0,218.0,0.0,176.0,0.0
230,6,50.0,219.0,0.0,182.0,0.0
230,6,51.0,222.0,0.0,190.0,0.0
230,6,52.0,219.0,0.0,194.0,0.0
230,6,53.0,220.0,0.0,204.0,0.0
230,6,54.0,222.0,0.0,209.0,0.0
230,6,55.0,222.0,0.0,216.0,0.0
230,6,56.0,222.0,0.0,222.0,0.0
230,6,57.0,223.0,0.0,230.0,0.0
230,6,58.0,216.0,4.0,235.0,0.0
230,6,59.0,222.0,0.0,249.0,0.0
230,6,60.0,221.0,0.0,254.0,0.0
230,6,61.0,219.0,0.0,263.0,0.0
230,6,62.0,217.0,0.0,271.0,0.0
230,6,63.0,205.0,0.0,279.0,0.0
230,6,64.0,206.0,0.0,295.0,0.0
230,6,65.0,213.0,0.0,302.0,0.0
230,6,66.0,214.0,0.0,308.0,0.0
230,6,67.0,216.0,0.0,317.0,0.0
230,6,68.0,218.0,0.0,324.0,0.0
230,6,69.0,223.0,0.0,331.0,0.0
230,6,70.0,220.0,7.0,336.0,0.0
230,6,71.0,224.0,4.0,346.0,0.0
230,6,72.0,224.0,4.0,352.0,0.0
230,6,73.0,223.0,3.0,358.0,0.0
230,6,74.0,224.0,3.0,365.0,0.0
230,6,75.0,219.0,5.0,371.0,0.0
230,6,76.0,221.0,4.0,382.0,0.0
230,6,77.0,224.0,3.0,391.0,0.0
230,6,78.0,218.0,8.0,397.0,0.0
230,6,79.0,223.0,3.0,409.0,0.0
230,6,80.0,218.0,7.0,416.0,0.0
230,6,81.0,222.0,1.0,428.0,0.0
230,6,82.0,227.0,3.0,436.0,0.0
230,6,83.0,224.0,9.0,439.0,0.0
230,6,84.0,222.0,12.0,445.0,0.0
230,6,85.0,222.0,11.0,453.0,0.0
230,6,86.0,220.0,12.0,461.0,0.0
230,6,87.0,218.0,10.0,471.0,0.0
230,6,88.0,225.0,8.0,483.0,0.0
230,6,89.0,223.0,13.0,488.0,0.0
230,6,90.0,220.0,14.0,495.0,0.0
230,6,91.0,225.0,10.0,505.0,0.0
230,6,92.0,224.0,12.0,510.0,1.0
230,6,93.0,229.0,13.0,516.0,1.0
230,6,94.0,216.0,22.0,517.0,2.0
230,6,95.0,225.0,16.0,531.0,3.0
230,6,96.0,222.0,18.0,536.0,4.0
230,6,97.0,221.0,15.0,544.0,5.0
230,6,98.0,225.0,18.0,553.0,6.0
230,6,99.0,227.0,21.0,558.0,7.0
230,6,100.0,218.0,25.0,561.0,8.0
230,6,101.0,219.0,22.0,573.0,9.0
230,6,102.0,221.0,19.0,584.0,10.0
230,6,103.0,221.0,19.0,593.0,11.0
230,6,104.0,220.0,17.0,602.0,12.0
230,6,105.0,218.0,17.0,612.0,13.0
230,6,106.0,218.0,15.0,624.0,14.0
230,6,107.0,224.0,8.0,636.0,15.0
230,6,108.0,225.0,9.0,642.0,15.0
230,6,109.0,227.0,12.0,647.0,15.0
230,6,110.0,219.0,19.0,650.0,15.0
230,6,111.0,224.0,15.0,661.0,16.0
230,6,112.0,219.0,17.0,667.0,17.0
230,6,113.0,222.0,14.0,678.0,18.0
230,6,114.0,224.0,13.0,686.0,19.0
230,6,115.0,222.0,17.0,692.0,20.0
230,6,116.0,218.0,18.0,700.0,21.0
230,6,117.0,219.0,13.0,712.0,22.0
230,6,118.0,222.0,8.0,723.0,23.0
230,6,119.0,226.0,10.0,731.0,24.0
230,6,120.0,222.0,14.0,735.0,24.0
230,6,121.0,223.0,17.0,743.0,24.0
230,6,122.0,227.0,17.0,750.0,25.0
230,6,123.0,220.0,25.0,753.0,26.0
230,6,124.0,222.0,23.0,763.0,27.0
230,6,125.0,221.0,21.0,771.0,28.0
230,6,126.0,221.0,19.0,780.0,29.0
230,6,127.0,220.0,16.0,789.0,30.0
230,6,128.0,228.0,14.0,799.0,31.0
230,6,129.0,226.0,21.0,801.0,32.0
230,6,130.0,225.0,20.0,805.0,33.0
230,6,131.0,220.0,21.0,810.0,34.0
230,6,132.0,222.0,16.0,820.0,35.0
230,6,133.0,224.0,14.0,828.0,37.0
230,6,134.0,225.0,16.0,834.0,38.0
230,6,135.0,227.0,22.0,839.0,39.0
230,6,136.0,223.0,32.0,842.0,40.0
230,6,137.0,211.0,29.0,849.0,41.0
230,6,138.0,224.0,16.0,868.0,42.0
230,6,139.0,223.0,18.0,874.0,43.0
230,6,140.0,225.0,17.0,881.0,44.0
230,6,141.0,219.0,24.0,886.0,45.0
230,6,142.0,220.0,23.0,897.0,46.0
230,6,143.0,222.0,23.0,907.0,47.0
230,6,144.0,227.0,21.0,915.0,48.0
230,6,145.0,226.0,25.0,918.0,49.0
230,6,146.0,226.0,29.0,922.0,50.0
230,6,147.0,223.0,31.0,926.0,52.0
230,6,148.0,223.0,28.0,933.0,57.0
230,6,149.0,226.0,28.0,940.0,61.0
230,6,150.0,218.0,31.0,944.0,66.0
230,6,151.0,226.0,16.0,956.0,72.0
230,6,152.0,222.0,11.0,960.0,77.0
230,6,153.0,222.0,2.0,968.0,78.0
230,6,154.0,219.0,0.0,976.0,81.0
230,6,155.0,216.0,0.0,981.0,83.0
230,6,156.0,209.0,0.0,984.0,83.0
230,6,157.0,202.0,0.0,991.0,83.0
230,6,158.0,200.0,0.0,998.0,83.0
230,6,159.0,192.0,0.0,1000.0,83.0
230,6,160.0,182.0,0.0,1008.0,83.0
230,6,161.0,170.0,0.0,1018.0,83.0
230,6,162.0,164.0,0.0,1030.0,83.0
230,6,163.0,154.0,0.0,1036.0,83.0
230,6,164.0,147.0,0.0,1046.0,83.0
230,6,165.0,142.0,0.0,1053.0,83.0
230,6,166.0,138.0,0.0,1058.0,83.0
230,6,167.0,136.0,0.0,1062.0,83.0
230,6,168.0,131.0,0.0,1064.0,83.0
230,6,169.0,128.0,0.0,1069.0,83.0
230,6,170.0,125.0,0.0,1072.0,83.0
230,6,171.0,123.0,0.0,1075.0,83.0
230,6,172.0,121.0,0.0,1077.0,83.0
230,6,173.0,116.0,0.0,1079.0,83.0
230,6,174.0,103.0,0.0,1084.0,83.0
230,6,175.0,101.0,0.0,1097.0,83.0
230,6,176.0,96.0,0.0,1099.0,83.0
230,6,177.0,94.0,0.0,1104.0,83.0
230,6,178.0,92.0,0.0,1106.0,83.0
230,6,179.0,86.0,0.0,1108.0,83.0
230,6,180.0,80.0,0.0,1114.0,83.0
230,6,181.0,80.0,0.0,1120.0,83.0
230,6,182.0,77.0,0.0,1120.0,83.0
230,6,183.0,75.0,0.0,1123.0,83.0
230,6,184.0,71.0,0.0,1125.0,83.0
230,6,185.0,68.0,0.0,1129.0,83.0
230,6,186.0,68.0,0.0,1132.0,83.0
230,6,187.0,64.0,0.0,1132.0,83.0
230,6,188.0,62.0,0.0,1136.0,83.0
230,6,189.0,59.0,0.0,1138.0,83.0
230,6,190.0,59.0,0.0,1141.0,83.0
230,7,0.0,12.0,0.0,0.0,0.0
230,7,1.0,23.0,0.0,0.0,0.0
230,7,2.0,33.0,0.0,0.0,0.0
230,7,3.0,42.0,0.0,0.0,0.0
230,7,4.0,49.0,0.0,0.0,0.0
230,7,5.0,57.0,0.0,0.0,0.0
230,7,6.0,64.0,0.0,0.0,0.0
230,7,7.0,70.0,0.0,0.0,0.0
230,7,8.0,79.0,0.0,0.0,0.0
230,7,9.0,89.0,0.0,0.0,0.0
230,7,10.0,97.0,0.0,0.0,0.0
230,7,11.0,106.0,0.0,0.0,0.0
230,7,12.0,117.0,0.0,0.0,0.0
230,7,13.0,125.0,0.0,0.0,0.0
230,7,14.0,133.0,0.0,0.0,0.0
230,7,15.0,141.0,0.0,0.0,0.0
230,7,16.0,147.0,0.0,0.0,0.0
230,7,17.0,151.0,0.0,0.0,0.0
230,7,18.0,163.0,0.0,0.0,0.0
230,7,19.0,171.0,0.0,0.0,0.0
230,7,20.0,175.0,0.0,1.0,0.0
230,7,21.0,181.0,0.0,7.0,0.0
230,7,22.0,186.0,0.0,12.0,0.0
230,7,23.0,194.0,0.0,14.0,0.0
230,7,24.0,195.0,0.0,19.0,0.0
230,7,25.0,204.0,0.0,23.0,0.0
230,7,26.0,209.0,0.0,25.0,0.0
230,7,27.0,213.0,0.0,27.0,0.0
230,7,28.0,214.0,0.0,30.0,0.0
230,7,29.0,218.0,0.0,37.0,0.0
230,7,30.0,219.0,0.0,40.0,0.0
230,7,31.0,220.0,0.0,45.0,0.0
230,7,32.0,227.0,1.0,50.0,0.0
230,7,33.0,227.0,3.0,53.0,0.0
230,7,34.0,218.0,9.0,56.0,0.0
230,7,35.0,224.0,6.0,68.0,0.0
230,7,36.0,223.0,5.0,74.0,0.0
230,7,37.0,218.0,5.0,81.0,0.0
230,7,38.0,219.0,0.0,93.0,0.0
230,7,39.0,224.0,0.0,103.0,0.0
230,7,40.0,227.0,1.0,109.0,0.0
230,7,41.0,222.0,6.0,112.0,0.0
230,7,42.0,219.0,10.0,120.0,0.0
230,7,43.0,221.0,10.0,131.0,0.0
230,7,44.0,220.0,9.0,140.0,0.0
230,7,45.0,224.0,5.0,150.0,0.0
230,7,46.0,224.0,8.0,156.0,0.0
230,7,47.0,218.0,8.0,162.0,0.0
230,7,48.0,222.0,6.0,174.0,0.0
230,7,49.0,219.0,6.0,182.0,0.0
230,7,50.0,221.0,4.0,193.0,0.0
230,7,51.0,223.0,4.0,202.0,0.0
230,7,52.0,226.0,2.0,209.0,0.0
230,7,53.0,226.0,10.0,213.0,0.0
230,7,54.0,222.0,16.0,217.0,0.0
230,7,55.0,222.0,14.0,225.0,0.0
230,7,56.0,219.0,12.0,233.0,1.0
230,7,57.0,221.0,10.0,244.0,2.0
230,7,58.0,220.0,12.0,253.0,3.0
230,7,59.0,217.0,11.0,263.0,3.0
230,7,60.0,225.0,9.0,276.0,3.0
230,7,61.0,220.0,18.0,281.0,3.0
230,7,62.0,222.0,13.0,291.0,3.0
230,7,63.0,224.0,18.0,299.0,3.0
230,7,64.0,225.0,17.0,305.0,4.0
230,7,65.0,225.0,20.0,310.0,5.0
230,7,66.0,226.0,20.0,315.0,6.0
230,7,67.0,222.0,29.0,319.0,7.0
230,7,68.0,214.0,28.0,327.0,9.0
230,7,69.0,223.0,19.0,343.0,11.0
230,7,70.0,223.0,25.0,350.0,12.0
230,7,71.0,218.0,27.0,357.0,13.0
230,7,72.0,223.0,24.0,369.0,14.0
230,7,73.0,227.0,23.0,376.0,15.0
230,7,74.0,224.0,27.0,379.0,16.0
230,7,75.0,222.0,31.0,385.0,17.0
230,7,76.0,224.0,29.0,393.0,20.0
230,7,77.0,224.0,31.0,399.0,26.0
230,7,78.0,217.0,30.0,405.0,30.0
230,7,79.0,222.0,22.0,418.0,35.0
230,7,80.0,222.0,23.0,426.0,41.0
230,7,81.0,220.0,22.0,434.0,43.0
230,7,82.0,222.0,19.0,444.0,44.0
230,7,83.0,226.0,20.0,452.0,45.0
230,7,84.0,224.0,23.0,456.0,46.0
230,7,85.0,220.0,29.0,462.0,47.0
230,7,86.0,220.0,25.0,472.0,48.0
230,7,87.0,223.0,25.0,482.0,49.0
230,7,88.0,227.0,25.0,489.0,50.0
230,7,89.0,226.0,29.0,492.0,51.0
230,7,90.0,223.0,31.0,496.0,52.0
230,7,91.0,225.0,29.0,503.0,55.0
230,7,92.0,218.0,32.0,508.0,60.0
230,7,93.0,224.0,23.0,520.0,65.0
230,7,94.0,224.0,26.0,526.0,71.0
230,7,95.0,221.0,26.0,532.0,72.0
230,7,96.0,224.0,24.0,541.0,73.0
230,7,97.0,225.0,23.0,547.0,76.0
230,7,98.0,223.0,35.0,552.0,77.0
230,7,99.0,228.0,37.0,559.0,80.0
230,7,100.0,229.0,42.0,561.0,84.0
230,7,101.0,222.0,49.0,562.0,88.0
230,7,102.0,224.0,47.0,570.0,94.0
230,7,103.0,224.0,45.0,576.0,98.0
230,7,104.0,221.0,40.0,582.0,103.0
230,7,105.0,219.0,33.0,591.0,107.0
230,7,106.0,226.0,28.0,602.0,112.0
230,7,107.0,218.0,33.0,606.0,118.0
230,7,108.0,217.0,24.0,618.0,123.0
230,7,109.0,225.0,19.0,631.0,128.0
230,7,110.0,228.0,22.0,636.0,129.0
230,7,111.0,225.0,26.0,638.0,130.0
230,7,112.0,227.0,30.0,643.0,131.0
230,7,113.0,226.0,36.0,646.0,134.0
230,7,114.0,225.0,40.0,650.0,139.0
230,7,115.0,223.0,39.0,655.0,144.0
230,7,116.0,225.0,40.0,662.0,148.0
230,7,117.0,219.0,42.0,667.0,153.0
230,7,118.0,225.0,32.0,678.0,158.0
230,7,119.0,227.0,33.0,683.0,163.0
230,7,120.0,230.0,37.0,686.0,168.0
230,7,121.0,224.0,46.0,686.0,174.0
230,7,122.0,224.0,35.0,692.0,179.0
230,7,123.0,223.0,34.0,698.0,183.0
230,7,124.0,227.0,32.0,705.0,189.0
230,7,125.0,229.0,37.0,708.0,193.0
230,7,126.0,228.0,41.0,709.0,199.0
230,7,127.0,226.0,44.0,711.0,205.0
230,7,128.0,227.0,42.0,715.0,211.0
230,7,129.0,228.0,43.0,718.0,215.0
230,7,130.0,224.0,46.0,720.0,220.0
230,7,131.0,224.0,48.0,726.0,225.0
230,7,132.0,224.0,39.0,732.0,231.0
230,7,133.0,224.0,33.0,738.0,236.0
230,7,134.0,225.0,34.0,744.0,241.0
230,7,135.0,226.0,32.0,749.0,245.0
230,7,136.0,230.0,35.0,753.0,250.0
230,7,137.0,230.0,45.0,753.0,255.0
230,7,138.0,222.0,53.0,753.0,260.0
230,7,139.0,224.0,37.0,761.0,266.0
230,7,140.0,224.0,38.0,767.0,271.0
230,7,141.0,223.0,34.0,773.0,275.0
230,7,142.0,224.0,31.0,780.0,281.0
230,7,143.0,229.0,35.0,786.0,286.0
230,7,144.0,227.0,47.0,787.0,290.0
230,7,145.0,222.0,52.0,790.0,294.0
230,7,146.0,229.0,40.0,798.0,299.0
230,7,147.0,230.0,46.0,799.0,303.0
230,7,148.0,227.0,54.0,799.0,309.0
230,7,149.0,229.0,58.0,802.0,314.0
230,7,150.0,227.0,67.0,803.0,318.0
230,7,151.0,227.0,58.0,806.0,323.0
230,7,152.0,226.0,55.0,809.0,328.0
230,7,153.0,225.0,46.0,813.0,333.0
230,7,154.0,223.0,32.0,818.0,337.0
230,7,155.0,228.0,15.0,825.0,340.0
230,7,156.0,227.0,8.0,827.0,340.0
230,7,157.0,230.0,5.0,830.0,340.0
230,7,158.0,224.0,5.0,830.0,340.0
230,7,159.0,223.0,0.0,836.0,340.0
230,7,160.0,219.0,0.0,838.0,340.0
230,7,161.0,216.0,0.0,842.0,340.0
230,7,162.0,216.0,0.0,845.0,340.0
230,7,163.0,214.0,0.0,845.0,340.0
230,7,164.0,210.0,0.0,847.0,340.0
230,7,165.0,207.0,0.0,851.0,340.0
230,7,166.0,205.0,0.0,854.0,340.0
230,7,167.0,199.0,0.0,856.0,340.0
230,7,168.0,193.0,0.0,862.0,340.0
230,7,169.0,190.0,0.0,868.0,340.0
230,7,170.0,184.0,0.0,871.0,340.0
230,7,171.0,181.0,0.0,877.0,340.0
230,7,172.0,178.0,0.0,880.0,340.0
230,7,173.0,178.0,0.0,883.0,340.0
230,7,174.0,178.0,0.0,883.0,340.0
230,7,175.0,172.0,0.0,883.0,340.0
230,7,176.0,166.0,0.0,889.0,340.0
230,7,177.0,162.0,0.0,895.0,340.0
230,7,178.0,159.0,0.0,899.0,340.0
230,7,179.0,156.0,0.0,902.0,340.0
230,7,180.0,155.0,0.0,905.0,340.0
230,7,181.0,152.0,0.0,906.0,340.0
230,7,182.0,145.0,0.0,909.0,340.0
230,7,183.0,144.0,0.0,916.0,340.0
230,7,184.0,144.0,0.0,917.0,340.0
230,7,185.0,141.0,0.0,917.0,340.0
230,7,186.0,140.0,0.0,920.0,340.0
230,7,187.0,137.0,0.0,921.0,340.0
230,7,188.0,134.0,0.0,924.0,340.0
230,7,189.0,130.0,0.0,927.0,340.0
230,7,190.0,125.0,0.0,931.0,340.0
230,7,191.0,118.0,0.0,936.0,340.0
230,7,192.0,116.0,0.0,943.0,340.0
230,7,193.0,113.0,0.0,945.0,340.0
230,7,194.0,113.0,0.0,948.0,340.0
230,7,195.0,112.0,0.0,948.0,340.0
230,7,196.0,112.0,0.0,949.0,340.0
230,8,0.0,9.0,0.0,0.0,0.0
230,8,1.0,16.0,0.0,0.0,0.0
230,8,2.0,23.0,0.0,0.0,0.0
230,8,3.0,36.0,0.0,0.0,0.0
230,8,4.0,42.0,0.0,0.0,0.0
230,8,5.0,52.0,0.0,0.0,0.0
230,8,6.0,58.0,0.0,0.0,0.0
230,8,7.0,64.0,0.0,0.0,0.0
230,8,8.0,69.0,0.0,0.0,0.0
230,8,9.0,76.0,0.0,0.0,0.0
230,8,10.0,89.0,0.0,0.0,0.0
230,8,11.0,94.0,0.0,0.0,0.0
230,8,12.0,103.0,0.0,0.0,0.0
230,8,13.0,113.0,0.0,0.0,0.0
230,8,14.0,120.0,0.0,0.0,0.0
230,8,15.0,129.0,0.0,0.0,0.0
230,8,16.0,136.0,0.0,0.0,0.0
230,8,17.0,146.0,0.0,0.0,0.0
230,8,18.0,152.0,0.0,0.0,0.0
230,8,19.0,160.0,0.0,0.0,0.0
230,8,20.0,167.0,0.0,2.0,0.0
230,8,21.0,173.0,0.0,5.0,0.0
230,8,22.0,179.0,0.0,7.0,0.0
230,8,23.0,181.0,0.0,9.0,0.0
230,8,24.0,186.0,0.0,12.0,0.0
230,8,25.0,192.0,0.0,17.0,0.0
230,8,26.0,189.0,0.0,22.0,0.0
230,8,27.0,192.0,0.0,30.0,0.0
230,8,28.0,193.0,0.0,33.0,0.0
230,8,29.0,198.0,0.0,39.0,0.0
230,8,30.0,205.0,0.0,42.0,0.0
230,8,31.0,206.0,0.0,46.0,0.0
230,8,32.0,206.0,0.0,51.0,0.0
230,8,33.0,213.0,0.0,58.0,0.0
230,8,34.0,218.0,0.0,61.0,0.0
230,8,35.0,222.0,0.0,65.0,0.0
230,8,36.0,218.0,0.0,69.0,0.0
230,8,37.0,211.0,0.0,80.0,0.0
230,8,38.0,214.0,0.0,94.0,0.0
230,8,39.0,212.0,0.0,99.0,0.0
230,8,40.0,215.0,0.0,111.0,0.0
230,8,41.0,216.0,0.0,115.0,0.0
230,8,42.0,218.0,0.0,122.0,0.0
230,8,43.0,220.0,0.0,129.0,0.0
230,8,44.0,222.0,0.0,138.0,0.0
230,8,45.0,223.0,1.0,143.0,0.0
230,8,46.0,221.0,2.0,150.0,0.0
230,8,47.0,226.0,0.0,159.0,0.0
230,8,48.0,219.0,4.0,163.0,0.0
230,8,49.0,219.0,4.0,174.0,0.0
230,8,50.0,223.0,0.0,185.0,0.0
230,8,51.0,220.0,4.0,190.0,0.0
230,8,52.0,222.0,3.0,200.0,0.0
230,8,53.0,221.0,5.0,208.0,0.0
230,8,54.0,221.0,2.0,217.0,0.0
230,8,55.0,223.0,0.0,226.0,0.0
230,8,56.0,222.0,4.0,231.0,0.0
230,8,57.0,224.0,3.0,239.0,0.0
230,8,58.0,222.0,7.0,245.0,0.0
230,8,59.0,225.0,7.0,253.0,0.0
230,8,60.0,220.0,10.0,258.0,0.0
230,8,61.0,220.0,8.0,268.0,0.0
230,8,62.0,225.0,5.0,278.0,0.0
230,8,63.0,222.0,8.0,283.0,0.0
230,8,64.0,226.0,8.0,291.0,0.0
230,8,65.0,218.0,14.0,295.0,0.0
230,8,66.0,223.0,12.0,307.0,0.0
230,8,67.0,224.0,11.0,314.0,0.0
230,8,68.0,220.0,13.0,320.0,0.0
230,8,69.0,223.0,12.0,330.0,0.0
230,8,70.0,220.0,10.0,337.0,1.0
230,8,71.0,222.0,6.0,347.0,1.0
230,8,72.0,224.0,5.0,355.0,1.0
230,8,73.0,223.0,4.0,361.0,1.0
230,8,74.0,222.0,4.0,368.0,1.0
230,8,75.0,217.0,4.0,376.0,1.0
230,8,76.0,220.0,0.0,389.0,1.0
230,8,77.0,221.0,0.0,397.0,1.0
230,8,78.0,222.0,0.0,404.0,1.0
230,8,79.0,222.0,1.0,412.0,1.0
230,8,80.0,221.0,0.0,420.0,1.0
230,8,81.0,222.0,0.0,429.0,1.0
230,8,82.0,221.0,1.0,437.0,1.0
230,8,83.0,223.0,4.0,446.0,1.0
230,8,84.0,224.0,2.0,453.0,1.0
230,8,85.0,221.0,2.0,459.0,1.0
230,8,86.0,226.0,4.0,468.0,1.0
230,8,87.0,219.0,5.0,472.0,1.0
230,8,88.0,220.0,1.0,483.0,1.0
230,8,89.0,222.0,0.0,493.0,1.0
230,8,90.0,225.0,0.0,500.0,1.0
230,8,91.0,221.0,2.0,505.0,1.0
230,8,92.0,217.0,0.0,514.0,1.0
230,8,93.0,219.0,0.0,525.0,1.0
230,8,94.0,219.0,0.0,530.0,1.0
230,8,95.0,215.0,0.0,537.0,1.0
230,8,96.0,213.0,0.0,549.0,1.0
230,8,97.0,215.0,0.0,559.0,1.0
230,8,98.0,212.0,0.0,569.0,1.0
230,8,99.0,216.0,0.0,583.0,1.0
230,8,100.0,214.0,0.0,587.0,1.0
230,8,101.0,212.0,0.0,598.0,1.0
230,8,102.0,210.0,0.0,605.0,1.0
230,8,103.0,212.0,0.0,615.0,1.0
230,8,104.0,212.0,0.0,624.0,1.0
230,8,105.0,214.0,0.0,630.0,1.0
230,8,106.0,215.0,0.0,635.0,1.0
230,8,107.0,221.0,0.0,643.0,1.0
230,8,108.0,219.0,0.0,645.0,1.0
230,8,109.0,222.0,0.0,654.0,1.0
230,8,110.0,221.0,0.0,661.0,1.0
230,8,111.0,221.0,0.0,668.0,1.0
230,8,112.0,222.0,0.0,676.0,1.0
230,8,113.0,219.0,0.0,684.0,1.0
230,8,114.0,221.0,0.0,694.0,1.0
230,8,115.0,220.0,0.0,703.0,1.0
230,8,116.0,222.0,0.0,712.0,1.0
230,8,117.0,220.0,1.0,718.0,1.0
230,8,118.0,219.0,1.0,728.0,1.0
230,8,119.0,217.0,0.0,739.0,1.0
230,8,120.0,224.0,0.0,749.0,1.0
230,8,121.0,224.0,1.0,752.0,1.0
230,8,122.0,220.0,5.0,758.0,1.0
230,8,123.0,225.0,5.0,768.0,1.0
230,8,124.0,221.0,7.0,773.0,1.0
230,8,125.0,222.0,6.0,782.0,1.0
230,8,126.0,224.0,8.0,790.0,1.0
230,8,127.0,220.0,11.0,796.0,1.0
230,8,128.0,225.0,9.0,806.0,1.0
230,8,129.0,226.0,11.0,811.0,1.0
230,8,130.0,222.0,18.0,815.0,1.0
230,8,131.0,219.0,16.0,823.0,1.0
230,8,132.0,220.0,14.0,834.0,2.0
230,8,133.0,215.0,10.0,844.0,3.0
230,8,134.0,222.0,6.0,859.0,4.0
230,8,135.0,225.0,2.0,867.0,4.0
230,8,136.0,223.0,10.0,872.0,4.0
230,8,137.0,221.0,10.0,879.0,4.0
230,8,138.0,225.0,12.0,888.0,4.0
230,8,139.0,220.0,13.0,893.0,4.0
230,8,140.0,224.0,14.0,903.0,4.0
230,8,141.0,221.0,15.0,909.0,5.0
230,8,142.0,222.0,15.0,918.0,5.0
230,8,143.0,225.0,12.0,926.0,6.0
230,8,144.0,226.0,16.0,931.0,7.0
230,8,145.0,220.0,20.0,935.0,8.0
230,8,146.0,226.0,18.0,945.0,9.0
230,8,147.0,222.0,25.0,949.0,10.0
230,8,148.0,220.0,23.0,957.0,11.0
230,8,149.0,221.0,17.0,967.0,12.0
230,8,150.0,220.0,15.0,976.0,13.0
230,8,151.0,224.0,5.0,986.0,14.0
230,8,152.0,220.0,0.0,992.0,15.0
230,8,153.0,212.0,0.0,1001.0,15.0
230,8,154.0,206.0,0.0,1009.0,15.0
230,8,155.0,199.0,0.0,1015.0,15.0
230,8,156.0,188.0,0.0,1022.0,15.0
230,8,157.0,178.0,0.0,1033.0,15.0
230,8,158.0,167.0,0.0,1043.0,15.0
230,8,159.0,159.0,0.0,1054.0,15.0
230,8,160.0,155.0,0.0,1062.0,15.0
230,8,161.0,147.0,0.0,1066.0,15.0
230,8,162.0,139.0,0.0,1074.0,15.0
230,8,163.0,133.0,0.0,1082.0,15.0
230,8,164.0,125.0,0.0,1088.0,15.0
230,8,165.0,120.0,0.0,1096.0,15.0
230,8,166.0,116.0,0.0,1101.0,15.0
230,8,167.0,110.0,0.0,1105.0,15.0
230,8,168.0,103.0,0.0,1111.0,15.0
230,8,169.0,92.0,0.0,1118.0,15.0
230,8,170.0,80.0,0.0,1129.0,15.0
230,8,171.0,70.0,0.0,1141.0,15.0
230,8,172.0,64.0,0.0,1151.0,15.0
230,8,173.0,57.0,0.0,1157.0,15.0
230,8,174.0,52.0,0.0,1164.0,15.0
230,8,175.0,45.0,0.0,1169.0,15.0
230,8,176.0,42.0,0.0,1176.0,15.0
230,8,177.0,39.0,0.0,1179.0,15.0
230,8,178.0,36.0,0.0,1182.0,15.0
230,8,179.0,33.0,0.0,1185.0,15.0
230,8,180.0,32.0,0.0,1188.0,15.0
230,8,181.0,31.0,0.0,1189.0,15.0
230,8,182.0,27.0,0.0,1190.0,15.0
230,8,183.0,25.0,0.0,1194.0,15.0
230,8,184.0,22.0,0.0,1196.0,15.0
230,8,185.0,16.0,0.0,1199.0,15.0
230,8,186.0,14.0,0.0,1205.0,15.0
230,8,187.0,13.0,0.0,1207.0,15.0
230,8,188.0,13.0,0.0,1208.0,15.0
230,9,0.0,7.0,0.0,0.0,0.0
230,9,1.0,20.0,0.0,0.0,0.0
230,9,2.0,28.0,0.0,0.0,0.0
230,9,3.0,38.0,0.0,0.0,0.0
230,9,4.0,49.0,0.0,0.0,0.0
230,9,5.0,60.0,0.0,0.0,0.0
230,9,6.0,74.0,0.0,0.0,0.0
230,9,7.0,80.0,0.0,0.0,0.0
230,9,8.0,90.0,0.0,0.0,0.0
230,9,9.0,99.0,0.0,0.0,0.0
230,9,10.0,109.0,0.0,0.0,0.0
230,9,11.0,116.0,0.0,0.0,0.0
230,9,12.0,122.0,0.0,0.0,0.0
230,9,13.0,129.0,0.0,0.0,0.0
230,9,14.0,137.0,0.0,0.0,0.0
230,9,15.0,146.0,0.0,0.0,0.0
230,9,16.0,152.0,0.0,0.0,0.0
230,9,17.0,158.0,0.0,0.0,0.0
230,9,18.0,164.0,0.0,0.0,0.0
230,9,19.0,173.0,0.0,0.0,0.0
230,9,20.0,179.0,0.0,0.0,0.0
230,9,21.0,184.0,0.0,2.0,0.0
230,9,22.0,183.0,0.0,4.0,0.0
230,9,23.0,186.0,0.0,10.0,0.0
230,9,24.0,190.0,0.0,12.0,0.0
230,9,25.0,190.0,0.0,18.0,0.0
230,9,26.0,196.0,0.0,23.0,0.0
230,9,27.0,198.0,0.0,24.0,0.0
230,9,28.0,199.0,0.0,28.0,0.0
230,9,29.0,207.0,0.0,35.0,0.0
230,9,30.0,212.0,0.0,37.0,0.0
230,9,31.0,212.0,0.0,40.0,0.0
230,9,32.0,216.0,0.0,48.0,0.0
230,9,33.0,217.0,0.0,54.0,0.0
230,9,34.0,222.0,0.0,61.0,0.0
230,9,35.0,225.0,1.0,63.0,0.0
230,9,36.0,225.0,5.0,68.0,0.0
230,9,37.0,218.0,7.0,73.0,0.0
230,9,38.0,222.0,8.0,85.0,0.0
230,9,39.0,218.0,10.0,93.0,0.0
230,9,40.0,217.0,3.0,105.0,0.0
230,9,41.0,217.0,0.0,118.0,0.0
230,9,42.0,213.0,0.0,129.0,0.0
230,9,43.0,213.0,0.0,141.0,0.0
230,9,44.0,215.0,0.0,147.0,0.0
230,9,45.0,220.0,0.0,154.0,0.0
230,9,46.0,216.0,0.0,161.0,0.0
230,9,47.0,213.0,0.0,173.0,0.0
230,9,48.0,217.0,0.0,185.0,0.0
230,9,49.0,219.0,0.0,189.0,0.0
230,9,50.0,222.0,0.0,195.0,0.0
230,9,51.0,215.0,0.0,200.0,0.0
230,9,52.0,218.0,0.0,213.0,0.0
230,9,53.0,219.0,0.0,216.0,0.0
230,9,54.0,221.0,0.0,225.0,0.0
230,9,55.0,221.0,0.0,232.0,0.0
230,9,56.0,215.0,0.0,239.0,0.0
230,9,57.0,217.0,0.0,253.0,0.0
230,9,58.0,217.0,0.0,256.0,0.0
230,9,59.0,223.0,0.0,263.0,0.0
230,9,60.0,221.0,7.0,266.0,0.0
230,9,61.0,227.0,6.0,275.0,0.0
230,9,62.0,223.0,10.0,278.0,0.0
230,9,63.0,220.0,10.0,285.0,0.0
230,9,64.0,222.0,11.0,295.0,0.0
230,9,65.0,219.0,11.0,303.0,0.0
230,9,66.0,222.0,8.0,314.0,0.0
230,9,67.0,222.0,12.0,322.0,0.0
230,9,68.0,221.0,11.0,330.0,0.0
230,9,69.0,223.0,11.0,339.0,0.0
230,9,70.0,222.0,12.0,346.0,1.0
230,9,71.0,224.0,10.0,354.0,1.0
230,9,72.0,219.0,12.0,360.0,2.0
230,9,73.0,223.0,10.0,371.0,2.0
230,9,74.0,219.0,12.0,378.0,3.0
230,9,75.0,222.0,10.0,389.0,3.0
230,9,76.0,221.0,9.0,397.0,3.0
230,9,77.0,218.0,6.0,406.0,3.0
230,9,78.0,224.0,4.0,418.0,3.0
230,9,79.0,224.0,5.0,424.0,3.0
230,9,80.0,226.0,7.0,430.0,3.0
230,9,81.0,221.0,12.0,434.0,3.0
230,9,82.0,223.0,10.0,443.0,3.0
230,9,83.0,220.0,13.0,450.0,3.0
230,9,84.0,227.0,11.0,460.0,3.0
230,9,85.0,221.0,16.0,463.0,3.0
230,9,86.0,226.0,16.0,472.0,3.0
230,9,87.0,221.0,21.0,476.0,4.0
230,9,88.0,223.0,18.0,485.0,5.0
230,9,89.0,222.0,18.0,492.0,6.0
230,9,90.0,221.0,16.0,500.0,7.0
230,9,91.0,224.0,14.0,509.0,8.0
230,9,92.0,222.0,15.0,515.0,9.0
230,9,93.0,228.0,12.0,523.0,10.0
230,9,94.0,218.0,18.0,525.0,11.0
230,9,95.0,223.0,13.0,537.0,12.0
230,9,96.0,217.0,11.0,544.0,13.0
230,9,97.0,222.0,4.0,557.0,14.0
230,9,98.0,222.0,4.0,565.0,15.0
230,9,99.0,224.0,8.0,573.0,15.0
230,9,100.0,222.0,7.0,579.0,15.0
230,9,101.0,223.0,7.0,587.0,15.0
230,9,102.0,224.0,6.0,594.0,15.0
230,9,103.0,221.0,7.0,600.0,15.0
230,9,104.0,214.0,8.0,609.0,15.0
230,9,105.0,223.0,2.0,625.0,15.0
230,9,106.0,220.0,4.0,632.0,15.0
230,9,107.0,225.0,1.0,642.0,15.0
230,9,108.0,224.0,4.0,647.0,15.0
230,9,109.0,220.0,4.0,653.0,15.0
230,9,110.0,224.0,2.0,663.0,15.0
230,9,111.0,221.0,3.0,669.0,15.0
230,9,112.0,221.0,0.0,678.0,15.0
230,9,113.0,225.0,0.0,686.0,15.0
230,9,114.0,220.0,1.0,691.0,15.0
230,9,115.0,220.0,0.0,701.0,15.0
230,9,116.0,224.0,0.0,711.0,15.0
230,9,117.0,221.0,0.0,715.0,15.0
230,9,118.0,219.0,0.0,723.0,15.0
230,9,119.0,219.0,0.0,731.0,15.0
230,9,120.0,221.0,0.0,738.0,15.0
230,9,121.0,225.0,1.0,744.0,15.0
230,9,122.0,221.0,3.0,749.0,15.0
230,9,123.0,226.0,1.0,758.0,15.0
230,9,124.0,220.0,9.0,762.0,15.0
230,9,125.0,221.0,6.0,772.0,15.0
230,9,126.0,221.0,4.0,781.0,15.0
230,9,127.0,223.0,0.0,790.0,15.0
230,9,128.0,224.0,2.0,797.0,15.0
230,9,129.0,218.0,3.0,803.0,15.0
230,9,130.0,225.0,1.0,815.0,15.0
230,9,131.0,218.0,4.0,820.0,15.0
230,9,132.0,223.0,1.0,832.0,15.0
230,9,133.0,223.0,2.0,839.0,15.0
230,9,134.0,221.0,3.0,846.0,15.0
230,9,135.0,221.0,0.0,855.0,15.0
230,9,136.0,221.0,0.0,864.0,15.0
230,9,137.0,222.0,1.0,873.0,15.0
230,9,138.0,221.0,1.0,881.0,15.0
230,9,139.0,224.0,0.0,890.0,15.0
230,9,140.0,220.0,4.0,893.0,15.0
230,9,141.0,219.0,4.0,903.0,15.0
230,9,142.0,219.0,0.0,914.0,15.0
230,9,143.0,224.0,0.0,924.0,15.0
230,9,144.0,221.0,4.0,928.0,15.0
230,9,145.0,226.0,3.0,937.0,15.0
230,9,146.0,223.0,6.0,941.0,15.0
230,9,147.0,223.0,9.0,948.0,15.0
230,9,148.0,224.0,11.0,955.0,15.0
230,9,149.0,219.0,14.0,961.0,15.0
230,9,150.0,224.0,9.0,972.0,15.0
230,9,151.0,217.0,3.0,978.0,16.0
230,9,152.0,215.0,0.0,991.0,16.0
230,9,153.0,209.0,0.0,996.0,16.0
230,9,154.0,202.0,0.0,1002.0,16.0
230,9,155.0,194.0,0.0,1009.0,16.0
230,9,156.0,188.0,0.0,1017.0,16.0
230,9,157.0,180.0,0.0,1023.0,16.0
230,9,158.0,174.0,0.0,1031.0,16.0
230,9,159.0,166.0,0.0,1037.0,16.0
230,9,160.0,158.0,0.0,1045.0,16.0
230,9,161.0,149.0,0.0,1053.0,16.0
230,9,162.0,139.0,0.0,1062.0,16.0
230,9,163.0,135.0,0.0,1072.0,16.0
230,9,164.0,126.0,0.0,1076.0,16.0
230,9,165.0,119.0,0.0,1085.0,16.0
230,9,166.0,113.0,0.0,1092.0,16.0
230,9,167.0,105.0,0.0,1098.0,16.0
230,9,168.0,97.0,0.0,1106.0,16.0
230,9,169.0,88.0,0.0,1114.0,16.0
230,9,170.0,82.0,0.0,1123.0,16.0
230,9,171.0,76.0,0.0,1129.0,16.0
230,9,172.0,69.0,0.0,1135.0,16.0
230,9,173.0,61.0,0.0,1142.0,16.0
230,9,174.0,52.0,0.0,1150.0,16.0
230,9,175.0,51.0,0.0,1159.0,16.0
230,9,176.0,46.0,0.0,1160.0,16.0
230,9,177.0,41.0,0.0,1165.0,16.0
230,9,178.0,40.0,0.0,1170.0,16.0
230,9,179.0,37.0,0.0,1171.0,16.0
230,9,180.0,33.0,0.0,1174.0,16.0
230,9,181.0,31.0,0.0,1178.0,16.0
230,9,182.0,30.0,0.0,1180.0,16.0
230,9,183.0,27.0,0.0,1181.0,16.0
230,9,184.0,23.0,0.0,1184.0,16.0
230,9,185.0,19.0,0.0,1188.0,16.0
230,9,186.0,15.0,0.0,1192.0,16.0
230,9,187.0,14.0,0.0,1196.0,16.0
230,9,188.0,14.0,0.0,1197.0,16.0
280,10,0.0,10.0,0.0,0.0,0.0
280,10,1.0,18.0,0.0,0.0,0.0
280,10,2.0,25.0,0.0,0.0,0.0
280,10,3.0,31.0,0.0,0.0,0.0
280,10,4.0,43.0,0.0,0.0,0.0
280,10,5.0,52.0,0.0,0.0,0.0
280,10,6.0,59.0,0.0,0.0,0.0
280,10,7.0,71.0,0.0,0.0,0.0
280,10,8.0,81.0,0.0,0.0,0.0
280,10,9.0,86.0,0.0,0.0,0.0
280,10,10.0,95.0,0.0,0.0,0.0
280,10,11.0,103.0,0.0,0.0,0.0
280,10,12.0,112.0,0.0,0.0,0.0
280,10,13.0,120.0,0.0,0.0,0.0
280,10,14.0,126.0,0.0,0.0,0.0
280,10,15.0,134.0,0.0,0.0,0.0
280,10,16.0,142.0,0.0,0.0,0.0
280,10,17.0,148.0,0.0,0.0,0.0
280,10,18.0,156.0,0.0,1.0,0.0
280,10,19.0,163.0,0.0,1.0,0.0
280,10,20.0,164.0,0.0,2.0,0.0
280,10,21.0,173.0,0.0,7.0,0.0
280,10,22.0,179.0,0.0,8.0,0.0
280,10,23.0,182.0,0.0,11.0,0.0
280,10,24.0,183.0,0.0,13.0,0.0
280,10,25.0,187.0,0.0,19.0,0.0
280,10,26.0,189.0,0.0,26.0,0.0
280,10,27.0,200.0,0.0,28.0,0.0
280,10,28.0,204.0,0.0,28.0,0.0
280,10,29.0,207.0,0.0,33.0,0.0
280,10,30.0,209.0,0.0,37.0,0.0
280,10,31.0,207.0,0.0,42.0,0.0
280,10,32.0,209.0,0.0,49.0,0.0
280,10,33.0,215.0,0.0,55.0,0.0
280,10,34.0,216.0,0.0,57.0,0.0
280,10,35.0,217.0,0.0,63.0,0.0
280,10,36.0,213.0,0.0,70.0,0.0
280,10,37.0,217.0,0.0,80.0,0.0
280,10,38.0,219.0,0.0,87.0,0.0
280,10,39.0,217.0,0.0,94.0,0.0
280,10,40.0,215.0,0.0,101.0,0.0
280,10,41.0,216.0,0.0,113.0,0.0
280,10,42.0,216.0,0.0,121.0,0.0
280,10,43.0,211.0,0.0,130.0,0.0
280,10,44.0,214.0,0.0,145.0,0.0
280,10,45.0,213.0,0.0,153.0,0.0
280,10,46.0,216.0,0.0,162.0,0.0
280,10,47.0,215.0,0.0,168.0,0.0
280,10,48.0,217.0,0.0,175.0,0.0
280,10,49.0,214.0,0.0,183.0,0.0
280,10,50.0,216.0,0.0,196.0,0.0
280,10,51.0,222.0,0.0,200.0,0.0
280,10,52.0,223.0,0.0,204.0,0.0
280,10,53.0,227.0,0.0,212.0,0.0
280,10,54.0,227.0,0.0,217.0,0.0
280,10,55.0,229.0,0.0,224.0,0.0
280,10,56.0,236.0,0.0,229.0,0.0
280,10,57.0,232.0,0.0,234.0,0.0
280,10,58.0,238.0,0.0,247.0,0.0
280,10,59.0,236.0,0.0,255.0,0.0
280,10,60.0,237.0,0.0,263.0,0.0
280,10,61.0,235.0,0.0,269.0,0.0
280,10,62.0,241.0,0.0,280.0,0.0
280,10,63.0,234.0,0.0,283.0,0.0
280,10,64.0,236.0,0.0,296.0,0.0
280,10,65.0,234.0,0.0,301.0,0.0
280,10,66.0,232.0,0.0,311.0,0.0
280,10,67.0,231.0,0.0,320.0,0.0
280,10,68.0,227.0,0.0,327.0,0.0
280,10,69.0,226.0,0.0,339.0,0.0
280,10,70.0,227.0,0.0,344.0,0.0
280,10,71.0,228.0,0.0,351.0,0.0
280,10,72.0,228.0,0.0,357.0,0.0
280,10,73.0,228.0,0.0,368.0,0.0
280,10,74.0,225.0,0.0,377.0,0.0
280,10,75.0,231.0,0.0,388.0,0.0
280,10,76.0,227.0,0.0,390.0,0.0
280,10,77.0,228.0,0.0,402.0,0.0
280,10,78.0,226.0,0.0,410.0,0.0
280,10,79.0,224.0,0.0,420.0,0.0
280,10,80.0,225.0,0.0,431.0,0.0
280,10,81.0,222.0,0.0,439.0,0.0
280,10,82.0,221.0,0.0,450.0,0.0
280,10,83.0,225.0,0.0,459.0,0.0
280,10,84.0,222.0,0.0,463.0,0.0
280,10,85.0,217.0,0.0,473.0,0.0
280,10,86.0,220.0,0.0,485.0,0.0
280,10,87.0,214.0,0.0,489.0,0.0
280,10,88.0,214.0,0.0,501.0,0.0
280,10,89.0,212.0,0.0,509.0,0.0
280,10,90.0,219.0,0.0,517.0,0.0
280,10,91.0,224.0,0.0,520.0,0.0
280,10,92.0,222.0,0.0,523.0,0.0
280,10,93.0,226.0,0.0,535.0,0.0
280,10,94.0,221.0,0.0,542.0,0.0
280,10,95.0,220.0,0.0,553.0,0.0
280,10,96.0,224.0,0.0,565.0,0.0
280,10,97.0,223.0,0.0,570.0,0.0
280,10,98.0,221.0,0.0,578.0,0.0
280,10,99.0,219.0,0.0,588.0,0.0
280,10,100.0,222.0,0.0,601.0,0.0
280,10,101.0,225.0,0.0,606.0,0.0
280,10,102.0,226.0,0.0,610.0,0.0
280,10,103.0,226.0,0.0,618.0,0.0
280,10,104.0,226.0,0.0,625.0,0.0
280,10,105.0,230.0,0.0,632.0,0.0
280,10,106.0,232.0,0.0,637.0,0.0
280,10,107.0,234.0,0.0,646.0,0.0
280,10,108.0,228.0,0.0,653.0,0.0
280,10,109.0,224.0,0.0,666.0,0.0
280,10,110.0,227.0,0.0,678.0,0.0
280,10,111.0,223.0,0.0,685.0,0.0
280,10,112.0,229.0,0.0,694.0,0.0
280,10,113.0,231.0,0.0,701.0,0.0
280,10,114.0,227.0,0.0,708.0,0.0
280,10,115.0,224.0,0.0,718.0,0.0
280,10,116.0,224.0,0.0,728.0,0.0
280,10,117.0,224.0,0.0,737.0,0.0
280,10,118.0,222.0,0.0,742.0,0.0
280,10,119.0,222.0,0.0,751.0,0.0
280,10,120.0,222.0,0.0,758.0,0.0
280,10,121.0,229.0,0.0,766.0,0.0
280,10,122.0,233.0,0.0,770.0,0.0
280,10,123.0,231.0,0.0,775.0,0.0
280,10,124.0,230.0,0.0,787.0,0.0
280,10,125.0,226.0,0.0,793.0,0.0
280,10,126.0,225.0,0.0,802.0,0.0
280,10,127.0,229.0,0.0,812.0,0.0
280,10,128.0,230.0,0.0,817.0,0.0
280,10,129.0,219.0,0.0,824.0,0.0
280,10,130.0,220.0,0.0,841.0,0.0
280,10,131.0,221.0,0.0,847.0,0.0
280,10,132.0,224.0,0.0,854.0,0.0
280,10,133.0,220.0,0.0,861.0,0.0
280,10,134.0,220.0,0.0,871.0,0.0
280,10,135.0,217.0,0.0,878.0,0.0
280,10,136.0,218.0,0.0,888.0,0.0
280,10,137.0,215.0,0.0,896.0,0.0
280,10,138.0,214.0,0.0,904.0,0.0
280,10,139.0,214.0,0.0,914.0,0.0
280,10,140.0,214.0,0.0,924.0,0.0
280,10,141.0,211.0,0.0,930.0,0.0
280,10,142.0,207.0,0.0,938.0,0.0
280,10,143.0,207.0,0.0,949.0,0.0
280,10,144.0,207.0,0.0,956.0,0.0
280,10,145.0,204.0,0.0,963.0,0.0
280,10,146.0,207.0,0.0,974.0,0.0
280,10,147.0,209.0,0.0,981.0,0.0
280,10,148.0,202.0,0.0,990.0,0.0
280,10,149.0,204.0,0.0,1003.0,0.0
280,10,150.0,202.0,0.0,1009.0,0.0
280,10,151.0,194.0,0.0,1018.0,0.0
280,10,152.0,187.0,0.0,1026.0,0.0
280,10,153.0,185.0,0.0,1033.0,0.0
280,10,154.0,177.0,0.0,1035.0,0.0
280,10,155.0,170.0,0.0,1043.0,0.0
280,10,156.0,165.0,0.0,1050.0,0.0
280,10,157.0,152.0,0.0,1055.0,0.0
280,10,158.0,141.0,0.0,1068.0,0.0
280,10,159.0,127.0,0.0,1079.0,0.0
280,10,160.0,123.0,0.0,1093.0,0.0
280,10,161.0,119.0,0.0,1097.0,0.0
280,10,162.0,110.0,0.0,1101.0,0.0
280,10,163.0,99.0,0.0,1110.0,0.0
280,10,164.0,94.0,0.0,1121.0,0.0
280,10,165.0,92.0,0.0,1126.0,0.0
280,10,166.0,85.0,0.0,1128.0,0.0
280,10,167.0,79.0,0.0,1135.0,0.0
280,10,168.0,70.0,0.0,1141.0,0.0
280,10,169.0,62.0,0.0,1150.0,0.0
280,10,170.0,54.0,0.0,1158.0,0.0
280,10,171.0,48.0,0.0,1166.0,0.0
280,10,172.0,42.0,0.0,1172.0,0.0
280,10,173.0,41.0,0.0,1178.0,0.0
280,10,174.0,36.0,0.0,1179.0,0.0
280,10,175.0,32.0,0.0,1184.0,0.0
280,10,176.0,28.0,0.0,1188.0,0.0
280,10,177.0,27.0,0.0,1192.0,0.0
280,10,178.0,25.0,0.0,1193.0,0.0
280,10,179.0,22.0,0.0,1195.0,0.0
280,10,180.0,19.0,0.0,1198.0,0.0
280,10,181.0,16.0,0.0,1201.0,0.0
280,10,182.0,12.0,0.0,1204.0,0.0
280,10,183.0,7.0,0.0,1208.0,0.0
280,10,184.0,5.0,0.0,1213.0,0.0
280,10,185.0,1.0,0.0,1215.0,0.0
280,10,186.0,0.0,0.0,1219.0,0.0
280,10,187.0,0.0,0.0,1220.0,0.0
280,11,0.0,9.0,0.0,0.0,0.0
280,11,1.0,14.0,0.0,0.0,0.0
280,11,2.0,22.0,0.0,0.0,0.0
280,11,3.0,29.0,0.0,0.0,0.0
280,11,4.0,37.0,0.0,0.0,0.0
280,11,5.0,45.0,0.0,0.0,0.0
280,11,6.0,51.0,0.0,0.0,0.0
280,11,7.0,61.0,0.0,0.0,0.0
280,11,8.0,68.0,0.0,0.0,0.0
280,11,9.0,78.0,0.0,0.0,0.0
280,11,10.0,89.0,0.0,0.0,0.0
280,11,11.0,96.0,0.0,0.0,0.0
280,11,12.0,107.0,0.0,0.0,0.0
280,11,13.0,116.0,0.0,0.0,0.0
280,11,14.0,121.0,0.0,0.0,0.0
280,11,15.0,126.0,0.0,0.0,0.0
280,11,16.0,134.0,0.0,0.0,0.0
280,11,17.0,141.0,0.0,0.0,0.0
280,11,18.0,150.0,0.0,0.0,0.0
280,11,19.0,154.0,0.0,0.0,0.0
280,11,20.0,160.0,0.0,1.0,0.0
280,11,21.0,163.0,0.0,1.0,0.0
280,11,22.0,167.0,0.0,3.0,0.0
280,11,23.0,168.0,0.0,5.0,0.0
280,11,24.0,174.0,0.0,11.0,0.0
280,11,25.0,176.0,0.0,14.0,0.0
280,11,26.0,180.0,0.0,21.0,0.0
280,11,27.0,184.0,0.0,26.0,0.0
280,11,28.0,184.0,0.0,28.0,0.0
280,11,29.0,184.0,0.0,36.0,0.0
280,11,30.0,186.0,0.0,40.0,0.0
280,11,31.0,189.0,0.0,45.0,0.0
280,11,32.0,193.0,0.0,48.0,0.0
280,11,33.0,195.0,0.0,51.0,0.0
280,11,34.0,200.0,0.0,59.0,0.0
280,11,35.0,203.0,0.0,65.0,0.0
280,11,36.0,203.0,0.0,68.0,0.0
280,11,37.0,210.0,0.0,76.0,0.0
280,11,38.0,208.0,0.0,79.0,0.0
280,11,39.0,204.0,0.0,88.0,0.0
280,11,40.0,208.0,0.0,101.0,0.0
280,11,41.0,210.0,0.0,107.0,0.0
280,11,42.0,211.0,0.0,115.0,0.0
280,11,43.0,209.0,0.0,122.0,0.0
280,11,44.0,211.0,0.0,131.0,0.0
280,11,45.0,205.0,0.0,136.0,0.0
280,11,46.0,200.0,0.0,148.0,0.0
280,11,47.0,202.0,0.0,158.0,0.0
280,11,48.0,204.0,0.0,166.0,0.0
280,11,49.0,200.0,0.0,174.0,0.0
280,11,50.0,199.0,0.0,182.0,0.0
280,11,51.0,201.0,0.0,191.0,0.0
280,11,52.0,206.0,0.0,198.0,0.0
280,11,53.0,211.0,0.0,203.0,0.0
280,11,54.0,208.0,0.0,209.0,0.0
280,11,55.0,212.0,0.0,218.0,0.0
280,11,56.0,211.0,0.0,223.0,0.0
280,11,57.0,213.0,0.0,231.0,0.0
280,11,58.0,219.0,0.0,237.0,0.0
280,11,59.0,220.0,0.0,242.0,0.0
280,11,60.0,221.0,0.0,248.0,0.0
280,11,61.0,216.0,0.0,252.0,0.0
280,11,62.0,218.0,0.0,263.0,0.0
280,11,63.0,222.0,0.0,272.0,0.0
280,11,64.0,218.0,0.0,276.0,0.0
280,11,65.0,219.0,0.0,288.0,0.0
280,11,66.0,221.0,0.0,295.0,0.0
280,11,67.0,223.0,0.0,301.0,0.0
280,11,68.0,224.0,0.0,306.0,0.0
280,11,69.0,224.0,0.0,314.0,0.0
280,11,70.0,223.0,0.0,323.0,0.0
280,11,71.0,223.0,0.0,331.0,0.0
280,11,72.0,214.0,0.0,338.0,0.0
280,11,73.0,216.0,0.0,353.0,0.0
280,11,74.0,216.0,0.0,360.0,0.0
280,11,75.0,217.0,0.0,368.0,0.0
280,11,76.0,216.0,0.0,374.0,0.0
280,11,77.0,213.0,0.0,383.0,0.0
280,11,78.0,211.0,0.0,393.0,0.0
280,11,79.0,212.0,0.0,404.0,0.0
280,11,80.0,211.0,0.0,411.0,0.0
280,11,81.0,211.0,0.0,418.0,0.0
280,11,82.0,210.0,0.0,426.0,0.0
280,11,83.0,205.0,0.0,434.0,0.0
280,11,84.0,198.0,0.0,445.0,0.0
280,11,85.0,199.0,0.0,458.0,0.0
280,11,86.0,205.0,0.0,464.0,0.0
280,11,87.0,203.0,0.0,468.0,0.0
280,11,88.0,205.0,0.0,477.0,0.0
280,11,89.0,202.0,0.0,484.0,0.0
280,11,90.0,204.0,0.0,495.0,0.0
280,11,91.0,207.0,0.0,505.0,0.0
280,11,92.0,207.0,0.0,512.0,0.0
280,11,93.0,208.0,0.0,517.0,0.0
280,11,94.0,209.0,0.0,525.0,0.0
280,11,95.0,212.0,0.0,534.0,0.0
280,11,96.0,213.0,0.0,540.0,0.0
280,11,97.0,215.0,0.0,544.0,0.0
280,11,98.0,217.0,0.0,549.0,0.0
280,11,99.0,218.0,0.0,557.0,0.0
280,11,100.0,217.0,0.0,564.0,0.0
280,11,101.0,210.0,0.0,571.0,0.0
280,11,102.0,219.0,0.0,582.0,0.0
280,11,103.0,224.0,0.0,588.0,0.0
280,11,104.0,221.0,0.0,592.0,0.0
280,11,105.0,215.0,0.0,601.0,0.0
280,11,106.0,221.0,0.0,613.0,0.0
280,11,107.0,225.0,0.0,618.0,0.0
280,11,108.0,226.0,0.0,623.0,0.0
280,11,109.0,221.0,0.0,627.0,0.0
280,11,110.0,219.0,0.0,640.0,0.0
280,11,111.0,223.0,0.0,651.0,0.0
280,11,112.0,225.0,0.0,657.0,0.0
280,11,113.0,228.0,0.0,662.0,0.0
280,11,114.0,228.0,0.0,669.0,0.0
280,11,115.0,233.0,0.0,677.0,0.0
280,11,116.0,230.0,0.0,681.0,0.0
280,11,117.0,233.0,0.0,693.0,0.0
280,11,118.0,234.0,0.0,699.0,0.0
280,11,119.0,231.0,0.0,707.0,0.0
280,11,120.0,235.0,0.0,719.0,0.0
280,11,121.0,236.0,0.0,725.0,0.0
280,11,122.0,235.0,0.0,732.0,0.0
280,11,123.0,241.0,0.0,741.0,0.0
280,11,124.0,236.0,0.0,749.0,0.0
280,11,125.0,240.0,0.0,759.0,0.0
280,11,126.0,238.0,0.0,767.0,0.0
280,11,127.0,238.0,0.0,777.0,0.0
280,11,128.0,243.0,0.0,787.0,0.0
280,11,129.0,242.0,0.0,791.0,0.0
280,11,130.0,238.0,0.0,798.0,0.0
280,11,131.0,232.0,0.0,809.0,0.0
280,11,132.0,235.0,0.0,823.0,0.0
280,11,133.0,229.0,0.0,829.0,0.0
280,11,134.0,227.0,0.0,840.0,0.0
280,11,135.0,226.0,0.0,849.0,0.0
280,11,136.0,228.0,0.0,857.0,0.0
280,11,137.0,233.0,0.0,861.0,0.0
280,11,138.0,230.0,0.0,864.0,0.0
280,11,139.0,232.0,0.0,877.0,0.0
280,11,140.0,236.0,0.0,887.0,0.0
280,11,141.0,239.0,0.0,891.0,0.0
280,11,142.0,237.0,0.0,896.0,0.0
280,11,143.0,236.0,0.0,906.0,0.0
280,11,144.0,235.0,0.0,915.0,0.0
280,11,145.0,235.0,0.0,921.0,0.0
280,11,146.0,231.0,0.0,931.0,0.0
280,11,147.0,233.0,0.0,942.0,0.0
280,11,148.0,233.0,0.0,949.0,0.0
280,11,149.0,231.0,0.0,957.0,0.0
280,11,150.0,226.0,0.0,965.0,0.0
280,11,151.0,214.0,0.0,976.0,0.0
280,11,152.0,205.0,0.0,988.0,0.0
280,11,153.0,196.0,0.0,997.0,0.0
280,11,154.0,187.0,0.0,1006.0,0.0
280,11,155.0,179.0,0.0,1015.0,0.0
280,11,156.0,171.0,0.0,1023.0,0.0
280,11,157.0,162.0,0.0,1031.0,0.0
280,11,158.0,157.0,0.0,1040.0,0.0
280,11,159.0,144.0,0.0,1045.0,0.0
280,11,160.0,139.0,0.0,1058.0,0.0
280,11,161.0,127.0,0.0,1063.0,0.0
280,11,162.0,116.0,0.0,1075.0,0.0
280,11,163.0,107.0,0.0,1086.0,0.0
280,11,164.0,98.0,0.0,1095.0,0.0
280,11,165.0,92.0,0.0,1104.0,0.0
280,11,166.0,86.0,0.0,1110.0,0.0
280,11,167.0,79.0,0.0,1116.0,0.0
280,11,168.0,70.0,0.0,1123.0,0.0
280,11,169.0,66.0,0.0,1132.0,0.0
280,11,170.0,59.0,0.0,1136.0,0.0
280,11,171.0,54.0,0.0,1143.0,0.0
280,11,172.0,49.0,0.0,1148.0,0.0
280,11,173.0,43.0,0.0,1153.0,0.0
280,11,174.0,37.0,0.0,1159.0,0.0
280,11,175.0,31.0,0.0,1165.0,0.0
280,11,176.0,29.0,0.0,1171.0,0.0
280,11,177.0,26.0,0.0,1173.0,0.0
280,11,178.0,22.0,0.0,1176.0,0.0
280,11,179.0,19.0,0.0,1180.0,0.0
280,11,180.0,18.0,0.0,1183.0,0.0
280,11,181.0,13.0,0.0,1184.0,0.0
280,11,182.0,11.0,0.0,1189.0,0.0
280,11,183.0,7.0,0.0,1191.0,0.0
280,11,184.0,3.0,0.0,1195.0,0.0
280,11,185.0,1.0,0.0,1199.0,0.0
280,11,186.0,0.0,0.0,1201.0,0.0
280,11,187.0,0.0,0.0,1202.0,0.0
280,12,0.0,9.0,0.0,0.0,0.0
280,12,1.0,16.0,0.0,0.0,0.0
280,12,2.0,23.0,0.0,0.0,0.0
280,12,3.0,29.0,0.0,0.0,0.0
280,12,4.0,39.0,0.0,0.0,0.0
280,12,5.0,48.0,0.0,0.0,0.0
280,12,6.0,53.0,0.0,0.0,0.0
280,12,7.0,61.0,0.0,0.0,0.0
280,12,8.0,71.0,0.0,0.0,0.0
280,12,9.0,81.0,0.0,0.0,0.0
280,12,10.0,88.0,0.0,0.0,0.0
280,12,11.0,95.0,0.0,0.0,0.0
280,12,12.0,106.0,0.0,0.0,0.0
280,12,13.0,113.0,0.0,0.0,0.0
280,12,14.0,126.0,0.0,0.0,0.0
280,12,15.0,137.0,0.0,0.0,0.0
280,12,16.0,146.0,0.0,0.0,0.0
280,12,17.0,150.0,0.0,0.0,0.0
280,12,18.0,158.0,0.0,0.0,0.0
280,12,19.0,164.0,0.0,0.0,0.0
280,12,20.0,171.0,0.0,1.0,0.0
280,12,21.0,177.0,0.0,1.0,0.0
280,12,22.0,181.0,0.0,2.0,0.0
280,12,23.0,182.0,0.0,7.0,0.0
280,12,24.0,191.0,0.0,12.0,0.0
280,12,25.0,193.0,0.0,14.0,0.0
280,12,26.0,198.0,0.0,19.0,0.0
280,12,27.0,202.0,0.0,23.0,0.0
280,12,28.0,200.0,0.0,27.0,0.0
280,12,29.0,208.0,0.0,35.0,0.0
280,12,30.0,212.0,0.0,36.0,0.0
280,12,31.0,212.0,0.0,39.0,0.0
280,12,32.0,210.0,0.0,45.0,0.0
280,12,33.0,212.0,0.0,53.0,0.0
280,12,34.0,209.0,0.0,57.0,0.0
280,12,35.0,210.0,0.0,67.0,0.0
280,12,36.0,209.0,0.0,71.0,0.0
280,12,37.0,213.0,0.0,80.0,0.0
280,12,38.0,212.0,0.0,84.0,0.0
280,12,39.0,218.0,0.0,92.0,0.0
280,12,40.0,220.0,0.0,95.0,0.0
280,12,41.0,219.0,0.0,103.0,0.0
280,12,42.0,218.0,0.0,113.0,0.0
280,12,43.0,220.0,0.0,121.0,0.0
280,12,44.0,217.0,0.0,129.0,0.0
280,12,45.0,220.0,0.0,139.0,0.0
280,12,46.0,221.0,0.0,146.0,0.0
280,12,47.0,217.0,0.0,155.0,0.0
280,12,48.0,215.0,0.0,166.0,0.0
280,12,49.0,219.0,0.0,175.0,0.0
280,12,50.0,214.0,0.0,179.0,0.0
280,12,51.0,212.0,0.0,192.0,0.0
280,12,52.0,210.0,0.0,201.0,0.0
280,12,53.0,210.0,0.0,212.0,0.0
280,12,54.0,213.0,0.0,217.0,0.0
280,12,55.0,214.0,0.0,223.0,0.0
280,12,56.0,212.0,0.0,231.0,0.0
280,12,57.0,212.0,0.0,239.0,0.0
280,12,58.0,207.0,0.0,247.0,0.0
280,12,59.0,208.0,0.0,258.0,0.0
280,12,60.0,209.0,0.0,263.0,0.0
280,12,61.0,205.0,0.0,271.0,0.0
280,12,62.0,202.0,0.0,282.0,0.0
280,12,63.0,202.0,0.0,292.0,0.0
280,12,64.0,204.0,0.0,299.0,0.0
280,12,65.0,203.0,0.0,304.0,0.0
280,12,66.0,203.0,0.0,312.0,0.0
280,12,67.0,205.0,0.0,320.0,0.0
280,12,68.0,201.0,0.0,327.0,0.0
280,12,69.0,201.0,0.0,337.0,0.0
280,12,70.0,199.0,0.0,342.0,0.0
280,12,71.0,207.0,0.0,352.0,0.0
280,12,72.0,207.0,0.0,355.0,0.0
280,12,73.0,209.0,0.0,361.0,0.0
280,12,74.0,210.0,0.0,365.0,0.0
280,12,75.0,209.0,0.0,372.0,0.0
280,12,76.0,206.0,0.0,381.0,0.0
280,12,77.0,204.0,0.0,391.0,0.0
280,12,78.0,200.0,0.0,399.0,0.0
280,12,79.0,202.0,0.0,411.0,0.0
280,12,80.0,206.0,0.0,418.0,0.0
280,12,81.0,201.0,0.0,424.0,0.0
280,12,82.0,200.0,0.0,435.0,0.0
280,12,83.0,200.0,0.0,443.0,0.0
280,12,84.0,200.0,0.0,449.0,0.0
280,12,85.0,201.0,0.0,458.0,0.0
280,12,86.0,202.0,0.0,465.0,0.0
280,12,87.0,204.0,0.0,472.0,0.0
280,12,88.0,199.0,0.0,477.0,0.0
280,12,89.0,199.0,0.0,490.0,0.0
280,12,90.0,198.0,0.0,499.0,0.0
280,12,91.0,196.0,0.0,506.0,0.0
280,12,92.0,200.0,0.0,515.0,0.0
280,12,93.0,198.0,0.0,519.0,0.0
280,12,94.0,197.0,0.0,528.0,0.0
280,12,95.0,198.0,0.0,537.0,0.0
280,12,96.0,200.0,0.0,545.0,0.0
280,12,97.0,202.0,0.0,552.0,0.0
280,12,98.0,205.0,0.0,557.0,0.0
280,12,99.0,204.0,0.0,565.0,0.0
280,12,100.0,206.0,0.0,575.0,0.0
280,12,101.0,207.0,0.0,585.0,0.0
280,12,102.0,205.0,0.0,593.0,0.0
280,12,103.0,208.0,0.0,601.0,0.0
280,12,104.0,211.0,0.0,607.0,0.0
280,12,105.0,213.0,0.0,612.0,0.0
280,12,106.0,213.0,0.0,616.0,0.0
280,12,107.0,212.0,0.0,624.0,0.0
280,12,108.0,216.0,0.0,633.0,0.0
280,12,109.0,214.0,0.0,639.0,0.0
280,12,110.0,212.0,0.0,650.0,0.0
280,12,111.0,214.0,0.0,658.0,0.0
280,12,112.0,220.0,0.0,664.0,0.0
280,12,113.0,223.0,0.0,668.0,0.0
280,12,114.0,226.0,0.0,672.0,0.0
280,12,115.0,224.0,0.0,678.0,0.0
280,12,116.0,221.0,0.0,689.0,0.0
280,12,117.0,227.0,0.0,699.0,0.0
280,12,118.0,226.0,0.0,703.0,0.0
280,12,119.0,227.0,0.0,712.0,0.0
280,12,120.0,226.0,0.0,719.0,0.0
280,12,121.0,231.0,0.0,727.0,0.0
280,12,122.0,231.0,0.0,732.0,0.0
280,12,123.0,230.0,0.0,740.0,0.0
280,12,124.0,228.0,0.0,750.0,0.0
280,12,125.0,233.0,0.0,760.0,0.0
280,12,126.0,236.0,0.0,764.0,0.0
280,12,127.0,241.0,0.0,769.0,0.0
280,12,128.0,239.0,0.0,775.0,0.0
280,12,129.0,241.0,0.0,785.0,0.0
280,12,130.0,242.0,0.0,792.0,0.0
280,12,131.0,237.0,0.0,799.0,0.0
280,12,132.0,235.0,0.0,813.0,0.0
280,12,133.0,231.0,0.0,821.0,0.0
280,12,134.0,228.0,0.0,831.0,0.0
280,12,135.0,225.0,0.0,840.0,0.0
280,12,136.0,223.0,0.0,849.0,0.0
280,12,137.0,221.0,0.0,858.0,0.0
280,12,138.0,225.0,0.0,870.0,0.0
280,12,139.0,222.0,0.0,876.0,0.0
280,12,140.0,217.0,0.0,885.0,0.0
280,12,141.0,221.0,0.0,895.0,0.0
280,12,142.0,224.0,0.0,898.0,0.0
280,12,143.0,224.0,0.0,904.0,0.0
280,12,144.0,216.0,0.0,912.0,0.0
280,12,145.0,214.0,0.0,928.0,0.0
280,12,146.0,213.0,0.0,938.0,0.0
280,12,147.0,210.0,0.0,946.0,0.0
280,12,148.0,212.0,0.0,956.0,0.0
280,12,149.0,213.0,0.0,961.0,0.0
280,12,150.0,213.0,0.0,968.0,0.0
280,12,151.0,201.0,0.0,975.0,0.0
280,12,152.0,191.0,0.0,987.0,0.0
280,12,153.0,182.0,0.0,997.0,0.0
280,12,154.0,178.0,0.0,1006.0,0.0
280,12,155.0,169.0,0.0,1010.0,0.0
280,12,156.0,163.0,0.0,1019.0,0.0
280,12,157.0,155.0,0.0,1025.0,0.0
280,12,158.0,150.0,0.0,1033.0,0.0
280,12,159.0,139.0,0.0,1038.0,0.0
280,12,160.0,134.0,0.0,1049.0,0.0
280,12,161.0,121.0,0.0,1054.0,0.0
280,12,162.0,113.0,0.0,1067.0,0.0
280,12,163.0,102.0,0.0,1075.0,0.0
280,12,164.0,96.0,0.0,1086.0,0.0
280,12,165.0,87.0,0.0,1092.0,0.0
280,12,166.0,81.0,0.0,1101.0,0.0
280,12,167.0,70.0,0.0,1107.0,0.0
280,12,168.0,62.0,0.0,1118.0,0.0
280,12,169.0,50.0,0.0,1126.0,0.0
280,12,170.0,48.0,0.0,1138.0,0.0
280,12,171.0,41.0,0.0,1140.0,0.0
280,12,172.0,38.0,0.0,1147.0,0.0
280,12,173.0,33.0,0.0,1150.0,0.0
280,12,174.0,27.0,0.0,1155.0,0.0
280,12,175.0,27.0,0.0,1161.0,0.0
280,12,176.0,24.0,0.0,1161.0,0.0
280,12,177.0,22.0,0.0,1164.0,0.0
280,12,178.0,19.0,0.0,1166.0,0.0
280,12,179.0,16.0,0.0,1169.0,0.0
280,12,180.0,14.0,0.0,1172.0,0.0
280,12,181.0,12.0,0.0,1174.0,0.0
280,12,182.0,11.0,0.0,1176.0,0.0
280,12,183.0,8.0,0.0,1177.0,0.0
280,12,184.0,5.0,0.0,1180.0,0.0
280,12,185.0,2.0,0.0,1183.0,0.0
280,12,186.0,0.0,0.0,1186.0,0.0
280,12,187.0,0.0,0.0,1188.0,0.0
280,13,0.0,6.0,0.0,0.0,0.0
280,13,1.0,14.0,0.0,0.0,0.0
280,13,2.0,19.0,0.0,0.0,0.0
280,13,3.0,29.0,0.0,0.0,0.0
280,13,4.0,36.0,0.0,0.0,0.0
280,13,5.0,46.0,0.0,0.0,0.0
280,13,6.0,54.0,0.0,0.0,0.0
280,13,7.0,60.0,0.0,0.0,0.0
280,13,8.0,68.0,0.0,0.0,0.0
280,13,9.0,75.0,0.0,0.0,0.0
280,13,10.0,82.0,0.0,0.0,0.0
280,13,11.0,93.0,0.0,0.0,0.0
280,13,12.0,99.0,0.0,0.0,0.0
280,13,13.0,104.0,0.0,0.0,0.0
280,13,14.0,111.0,0.0,0.0,0.0
280,13,15.0,119.0,0.0,0.0,0.0
280,13,16.0,124.0,0.0,0.0,0.0
280,13,17.0,135.0,0.0,0.0,0.0
280,13,18.0,141.0,0.0,0.0,0.0
280,13,19.0,147.0,0.0,0.0,0.0
280,13,20.0,155.0,0.0,1.0,0.0
280,13,21.0,161.0,0.0,1.0,0.0
280,13,22.0,166.0,0.0,4.0,0.0
280,13,23.0,170.0,0.0,7.0,0.0
280,13,24.0,177.0,0.0,12.0,0.0
280,13,25.0,180.0,0.0,17.0,0.0
280,13,26.0,183.0,0.0,23.0,0.0
280,13,27.0,182.0,0.0,29.0,0.0
280,13,28.0,184.0,0.0,38.0,0.0
280,13,29.0,185.0,0.0,44.0,0.0
280,13,30.0,189.0,0.0,48.0,0.0
280,13,31.0,197.0,0.0,51.0,0.0
280,13,32.0,200.0,0.0,54.0,0.0
280,13,33.0,200.0,0.0,60.0,0.0
280,13,34.0,202.0,0.0,67.0,0.0
280,13,35.0,208.0,0.0,70.0,0.0
280,13,36.0,213.0,0.0,73.0,0.0
280,13,37.0,214.0,0.0,78.0,0.0
280,13,38.0,219.0,0.0,86.0,0.0
280,13,39.0,219.0,0.0,90.0,0.0
280,13,40.0,221.0,0.0,100.0,0.0
280,13,41.0,221.0,0.0,109.0,0.0
280,13,42.0,220.0,0.0,118.0,0.0
280,13,43.0,219.0,0.0,126.0,0.0
280,13,44.0,222.0,0.0,136.0,0.0
280,13,45.0,219.0,0.0,142.0,0.0
280,13,46.0,225.0,0.0,152.0,0.0
280,13,47.0,229.0,0.0,154.0,0.0
280,13,48.0,229.0,0.0,161.0,0.0
280,13,49.0,230.0,0.0,167.0,0.0
280,13,50.0,230.0,0.0,173.0,0.0
280,13,51.0,225.0,0.0,180.0,0.0
280,13,52.0,227.0,0.0,191.0,0.0
280,13,53.0,226.0,0.0,197.0,0.0
280,13,54.0,226.0,0.0,205.0,0.0
280,13,55.0,226.0,0.0,211.0,0.0
280,13,56.0,227.0,0.0,221.0,0.0
280,13,57.0,229.0,0.0,226.0,0.0
280,13,58.0,231.0,0.0,235.0,0.0
280,13,59.0,232.0,0.0,242.0,0.0
280,13,60.0,228.0,0.0,250.0,0.0
280,13,61.0,226.0,0.0,262.0,0.0
280,13,62.0,223.0,0.0,270.0,0.0
280,13,63.0,223.0,0.0,284.0,0.0
280,13,64.0,223.0,0.0,290.0,0.0
280,13,65.0,228.0,0.0,298.0,0.0
280,13,66.0,227.0,0.0,303.0,0.0
280,13,67.0,228.0,0.0,311.0,0.0
280,13,68.0,224.0,0.0,321.0,0.0
280,13,69.0,222.0,0.0,331.0,0.0
280,13,70.0,221.0,0.0,340.0,0.0
280,13,71.0,221.0,0.0,346.0,0.0
280,13,72.0,219.0,0.0,354.0,0.0
280,13,73.0,215.0,0.0,363.0,0.0
280,13,74.0,213.0,0.0,372.0,0.0
280,13,75.0,208.0,0.0,382.0,0.0
280,13,76.0,204.0,0.0,392.0,0.0
280,13,77.0,202.0,0.0,403.0,0.0
280,13,78.0,205.0,0.0,414.0,0.0
280,13,79.0,210.0,0.0,420.0,0.0
280,13,80.0,213.0,0.0,426.0,0.0
280,13,81.0,216.0,0.0,434.0,0.0
280,13,82.0,219.0,0.0,442.0,0.0
280,13,83.0,215.0,0.0,448.0,0.0
280,13,84.0,219.0,0.0,459.0,0.0
280,13,85.0,220.0,0.0,465.0,0.0
280,13,86.0,219.0,0.0,474.0,0.0
280,13,87.0,221.0,0.0,483.0,0.0
280,13,88.0,219.0,0.0,489.0,0.0
280,13,89.0,220.0,0.0,499.0,0.0
280,13,90.0,223.0,0.0,507.0,0.0
280,13,91.0,219.0,0.0,512.0,0.0
280,13,92.0,224.0,0.0,522.0,0.0
280,13,93.0,218.0,0.0,527.0,0.0
280,13,94.0,220.0,0.0,539.0,0.0
280,13,95.0,210.0,0.0,547.0,0.0
280,13,96.0,213.0,0.0,561.0,0.0
280,13,97.0,213.0,0.0,567.0,0.0
280,13,98.0,212.0,0.0,573.0,0.0
280,13,99.0,213.0,0.0,581.0,0.0
280,13,100.0,210.0,0.0,588.0,0.0
280,13,101.0,210.0,0.0,595.0,0.0
280,13,102.0,211.0,0.0,604.0,0.0
280,13,103.0,212.0,0.0,612.0,0.0
280,13,104.0,220.0,0.0,620.0,0.0
280,13,105.0,216.0,0.0,626.0,0.0
280,13,106.0,219.0,0.0,636.0,0.0
280,13,107.0,224.0,0.0,641.0,0.0
280,13,108.0,227.0,0.0,646.0,0.0
280,13,109.0,232.0,0.0,652.0,0.0
280,13,110.0,236.0,0.0,654.0,0.0
280,13,111.0,241.0,0.0,658.0,0.0
280,13,112.0,243.0,0.0,663.0,0.0
280,13,113.0,241.0,0.0,671.0,0.0
280,13,114.0,232.0,0.0,682.0,0.0
280,13,115.0,227.0,0.0,695.0,0.0
280,13,116.0,225.0,0.0,704.0,0.0
280,13,117.0,222.0,0.0,714.0,0.0
280,13,118.0,219.0,0.0,723.0,0.0
280,13,119.0,227.0,0.0,735.0,0.0
280,13,120.0,225.0,0.0,740.0,0.0
280,13,121.0,230.0,0.0,750.0,0.0
280,13,122.0,224.0,0.0,756.0,0.0
280,13,123.0,227.0,0.0,770.0,0.0
280,13,124.0,227.0,0.0,775.0,0.0
280,13,125.0,225.0,0.0,781.0,0.0
280,13,126.0,222.0,0.0,789.0,0.0
280,13,127.0,224.0,0.0,799.0,0.0
280,13,128.0,227.0,0.0,807.0,0.0
280,13,129.0,230.0,0.0,817.0,0.0
280,13,130.0,229.0,0.0,824.0,0.0
280,13,131.0,230.0,0.0,834.0,0.0
280,13,132.0,231.0,0.0,838.0,0.0
280,13,133.0,231.0,0.0,846.0,0.0
280,13,134.0,230.0,0.0,855.0,0.0
280,13,135.0,230.0,0.0,864.0,0.0
280,13,136.0,235.0,0.0,871.0,0.0
280,13,137.0,241.0,0.0,874.0,0.0
280,13,138.0,237.0,0.0,879.0,0.0
280,13,139.0,237.0,0.0,891.0,0.0
280,13,140.0,234.0,0.0,901.0,0.0
280,13,141.0,235.0,0.0,912.0,0.0
280,13,142.0,238.0,0.0,919.0,0.0
280,13,143.0,235.0,0.0,924.0,0.0
280,13,144.0,234.0,0.0,934.0,0.0
280,13,145.0,237.0,0.0,942.0,0.0
280,13,146.0,242.0,0.0,948.0,0.0
280,13,147.0,242.0,0.0,955.0,0.0
280,13,148.0,242.0,0.0,966.0,0.0
280,13,149.0,241.0,0.0,976.0,0.0
280,13,150.0,242.0,0.0,985.0,0.0
280,13,151.0,237.0,0.0,990.0,0.0
280,13,152.0,226.0,0.0,995.0,0.0
280,13,153.0,221.0,0.0,1006.0,0.0
280,13,154.0,209.0,0.0,1011.0,0.0
280,13,155.0,196.0,0.0,1023.0,0.0
280,13,156.0,190.0,0.0,1036.0,0.0
280,13,157.0,176.0,0.0,1042.0,0.0
280,13,158.0,167.0,0.0,1056.0,0.0
280,13,159.0,160.0,0.0,1065.0,0.0
280,13,160.0,154.0,0.0,1072.0,0.0
280,13,161.0,147.0,0.0,1078.0,0.0
280,13,162.0,141.0,0.0,1085.0,0.0
280,13,163.0,131.0,0.0,1091.0,0.0
280,13,164.0,120.0,0.0,1101.0,0.0
280,13,165.0,112.0,0.0,1112.0,0.0
280,13,166.0,104.0,0.0,1120.0,0.0
280,13,167.0,96.0,0.0,1128.0,0.0
280,13,168.0,88.0,0.0,1136.0,0.0
280,13,169.0,76.0,0.0,1144.0,0.0
280,13,170.0,69.0,0.0,1156.0,0.0
280,13,171.0,66.0,0.0,1163.0,0.0
280,13,172.0,61.0,0.0,1166.0,0.0
280,13,173.0,53.0,0.0,1171.0,0.0
280,13,174.0,50.0,0.0,1179.0,0.0
280,13,175.0,46.0,0.0,1182.0,0.0
280,13,176.0,40.0,0.0,1186.0,0.0
280,13,177.0,36.0,0.0,1192.0,0.0
280,13,178.0,33.0,0.0,1196.0,0.0
280,13,179.0,31.0,0.0,1199.0,0.0
280,13,180.0,29.0,0.0,1201.0,0.0
280,13,181.0,24.0,0.0,1203.0,0.0
280,13,182.0,17.0,0.0,1208.0,0.0
280,13,183.0,11.0,0.0,1215.0,0.0
280,13,184.0,5.0,0.0,1221.0,0.0
280,13,185.0,2.0,0.0,1227.0,0.0
280,13,186.0,0.0,0.0,1230.0,0.0
280,13,187.0,0.0,0.0,1232.0,0.0
280,14,0.0,8.0,0.0,0.0,0.0
280,14,1.0,16.0,0.0,0.0,0.0
280,14,2.0,22.0,0.0,0.0,0.0
280,14,3.0,28.0,0.0,0.0,0.0
280,14,4.0,35.0,0.0,0.0,0.0
280,14,5.0,43.0,0.0,0.0,0.0
280,14,6.0,49.0,0.0,0.0,0.0
280,14,7.0,54.0,0.0,0.0,0.0
280,14,8.0,65.0,0.0,0.0,0.0
280,14,9.0,71.0,0.0,0.0,0.0
280,14,10.0,76.0,0.0,0.0,0.0
280,14,11.0,87.0,0.0,1.0,0.0
280,14,12.0,97.0,0.0,1.0,0.0
280,14,13.0,106.0,0.0,1.0,0.0
280,14,14.0,112.0,0.0,1.0,0.0
280,14,15.0,121.0,0.0,1.0,0.0
280,14,16.0,127.0,0.0,1.0,0.0
280,14,17.0,137.0,0.0,1.0,0.0
280,14,18.0,146.0,0.0,1.0,0.0
280,14,19.0,154.0,0.0,1.0,0.0
280,14,20.0,162.0,0.0,2.0,0.0
280,14,21.0,166.0,0.0,3.0,0.0
280,14,22.0,169.0,0.0,6.0,0.0
280,14,23.0,172.0,0.0,9.0,0.0
280,14,24.0,177.0,0.0,14.0,0.0
280,14,25.0,183.0,0.0,17.0,0.0
280,14,26.0,183.0,0.0,21.0,0.0
280,14,27.0,184.0,0.0,26.0,0.0
280,14,28.0,186.0,0.0,31.0,0.0
280,14,29.0,188.0,0.0,37.0,0.0
280,14,30.0,185.0,0.0,42.0,0.0
280,14,31.0,187.0,0.0,51.0,0.0
280,14,32.0,192.0,0.0,56.0,0.0
280,14,33.0,193.0,0.0,62.0,0.0
280,14,34.0,197.0,0.0,66.0,0.0
280,14,35.0,199.0,0.0,68.0,0.0
280,14,36.0,200.0,0.0,71.0,0.0
280,14,37.0,202.0,0.0,78.0,0.0
280,14,38.0,202.0,0.0,87.0,0.0
280,14,39.0,199.0,0.0,97.0,0.0
280,14,40.0,202.0,0.0,106.0,0.0
280,14,41.0,202.0,0.0,112.0,0.0
280,14,42.0,200.0,0.0,117.0,0.0
280,14,43.0,203.0,0.0,124.0,0.0
280,14,44.0,205.0,0.0,129.0,0.0
280,14,45.0,208.0,0.0,136.0,0.0
280,14,46.0,209.0,0.0,143.0,0.0
280,14,47.0,206.0,0.0,151.0,0.0
280,14,48.0,204.0,0.0,164.0,0.0
280,14,49.0,210.0,0.0,175.0,0.0
280,14,50.0,214.0,0.0,179.0,0.0
280,14,51.0,211.0,0.0,181.0,0.0
280,14,52.0,212.0,0.0,193.0,0.0
280,14,53.0,209.0,0.0,198.0,0.0
280,14,54.0,211.0,0.0,209.0,0.0
280,14,55.0,211.0,0.0,218.0,0.0
280,14,56.0,214.0,0.0,225.0,0.0
280,14,57.0,216.0,0.0,229.0,0.0
280,14,58.0,214.0,0.0,233.0,0.0
280,14,59.0,210.0,0.0,243.0,0.0
280,14,60.0,209.0,0.0,255.0,0.0
280,14,61.0,212.0,0.0,264.0,0.0
280,14,62.0,215.0,0.0,273.0,0.0
280,14,63.0,218.0,0.0,276.0,0.0
280,14,64.0,220.0,0.0,282.0,0.0
280,14,65.0,221.0,0.0,289.0,0.0
280,14,66.0,221.0,0.0,296.0,0.0
280,14,67.0,224.0,0.0,304.0,0.0
280,14,68.0,220.0,0.0,308.0,0.0
280,14,69.0,223.0,0.0,320.0,0.0
280,14,70.0,224.0,0.0,326.0,0.0
280,14,71.0,229.0,0.0,332.0,0.0
280,14,72.0,229.0,0.0,336.0,0.0
280,14,73.0,230.0,0.0,343.0,0.0
280,14,74.0,226.0,0.0,352.0,0.0
280,14,75.0,229.0,0.0,363.0,0.0
280,14,76.0,227.0,0.0,369.0,0.0
280,14,77.0,233.0,0.0,379.0,0.0
280,14,78.0,236.0,0.0,383.0,0.0
280,14,79.0,236.0,0.0,388.0,0.0
280,14,80.0,230.0,0.0,395.0,0.0
280,14,81.0,223.0,0.0,407.0,0.0
280,14,82.0,218.0,0.0,420.0,0.0
280,14,83.0,218.0,0.0,432.0,0.0
280,14,84.0,218.0,0.0,444.0,0.0
280,14,85.0,215.0,0.0,450.0,0.0
280,14,86.0,222.0,0.0,460.0,0.0
280,14,87.0,222.0,0.0,463.0,0.0
280,14,88.0,228.0,0.0,472.0,0.0
280,14,89.0,226.0,0.0,479.0,0.0
280,14,90.0,223.0,0.0,490.0,0.0
280,14,91.0,223.0,0.0,500.0,0.0
280,14,92.0,226.0,0.0,508.0,0.0
280,14,93.0,231.0,0.0,512.0,0.0
280,14,94.0,225.0,0.0,517.0,0.0
280,14,95.0,226.0,0.0,529.0,0.0
280,14,96.0,219.0,0.0,535.0,0.0
280,14,97.0,219.0,0.0,549.0,0.0
280,14,98.0,224.0,0.0,558.0,0.0
280,14,99.0,225.0,0.0,562.0,0.0
280,14,100.0,223.0,0.0,569.0,0.0
280,14,101.0,223.0,0.0,578.0,0.0
280,14,102.0,221.0,0.0,587.0,0.0
280,14,103.0,224.0,0.0,597.0,0.0
280,14,104.0,228.0,0.0,602.0,0.0
280,14,105.0,226.0,0.0,606.0,0.0
280,14,106.0,225.0,0.0,616.0,0.0
280,14,107.0,224.0,0.0,624.0,0.0
280,14,108.0,224.0,0.0,633.0,0.0
280,14,109.0,221.0,0.0,642.0,0.0
280,14,110.0,222.0,0.0,652.0,0.0
280,14,111.0,219.0,0.0,658.0,0.0
280,14,112.0,216.0,0.0,668.0,0.0
280,14,113.0,212.0,0.0,676.0,0.0
280,14,114.0,215.0,0.0,690.0,0.0
280,14,115.0,212.0,0.0,695.0,0.0
280,14,116.0,212.0,0.0,704.0,0.0
280,14,117.0,209.0,0.0,709.0,0.0
280,14,118.0,205.0,0.0,717.0,0.0
280,14,119.0,201.0,0.0,728.0,0.0
280,14,120.0,205.0,0.0,740.0,0.0
280,14,121.0,206.0,0.0,743.0,0.0
280,14,122.0,204.0,0.0,748.0,0.0
280,14,123.0,205.0,0.0,757.0,0.0
280,14,124.0,201.0,0.0,766.0,0.0
280,14,125.0,200.0,0.0,779.0,0.0
280,14,126.0,200.0,0.0,789.0,0.0
280,14,127.0,200.0,0.0,796.0,0.0
280,14,128.0,202.0,0.0,804.0,0.0
280,14,129.0,201.0,0.0,810.0,0.0
280,14,130.0,204.0,0.0,819.0,0.0
280,14,131.0,210.0,0.0,824.0,0.0
280,14,132.0,211.0,0.0,830.0,0.0
280,14,133.0,214.0,0.0,838.0,0.0
280,14,134.0,214.0,0.0,846.0,0.0
280,14,135.0,218.0,0.0,853.0,0.0
280,14,136.0,222.0,0.0,860.0,0.0
280,14,137.0,224.0,0.0,865.0,0.0
280,14,138.0,225.0,0.0,872.0,0.0
280,14,139.0,222.0,0.0,879.0,0.0
280,14,140.0,221.0,0.0,888.0,0.0
280,14,141.0,215.0,0.0,894.0,0.0
280,14,142.0,217.0,0.0,906.0,0.0
280,14,143.0,223.0,0.0,913.0,0.0
280,14,144.0,221.0,0.0,921.0,0.0
280,14,145.0,221.0,0.0,929.0,0.0
280,14,146.0,222.0,0.0,940.0,0.0
280,14,147.0,223.0,0.0,947.0,0.0
280,14,148.0,228.0,0.0,953.0,0.0
280,14,149.0,222.0,0.0,955.0,0.0
280,14,150.0,221.0,0.0,969.0,0.0
280,14,151.0,217.0,0.0,976.0,0.0
280,14,152.0,211.0,0.0,980.0,0.0
280,14,153.0,205.0,0.0,986.0,0.0
280,14,154.0,192.0,0.0,992.0,0.0
280,14,155.0,187.0,0.0,1005.0,0.0
280,14,156.0,179.0,0.0,1010.0,0.0
280,14,157.0,173.0,0.0,1018.0,0.0
280,14,158.0,167.0,0.0,1024.0,0.0
280,14,159.0,158.0,0.0,1030.0,0.0
280,14,160.0,147.0,0.0,1039.0,0.0
280,14,161.0,140.0,0.0,1050.0,0.0
280,14,162.0,135.0,0.0,1057.0,0.0
280,14,163.0,127.0,0.0,1062.0,0.0
280,14,164.0,122.0,0.0,1070.0,0.0
280,14,165.0,114.0,0.0,1075.0,0.0
280,14,166.0,110.0,0.0,1083.0,0.0
280,14,167.0,97.0,0.0,1087.0,0.0
280,14,168.0,85.0,0.0,1100.0,0.0
280,14,169.0,72.0,0.0,1112.0,0.0
280,14,170.0,65.0,0.0,1125.0,0.0
280,14,171.0,54.0,0.0,1132.0,0.0
280,14,172.0,49.0,0.0,1143.0,0.0
280,14,173.0,46.0,0.0,1148.0,0.0
280,14,174.0,39.0,0.0,1151.0,0.0
280,14,175.0,37.0,0.0,1158.0,0.0
280,14,176.0,36.0,0.0,1160.0,0.0
280,14,177.0,34.0,0.0,1161.0,0.0
280,14,178.0,29.0,0.0,1163.0,0.0
280,14,179.0,21.0,0.0,1168.0,0.0
280,14,180.0,19.0,0.0,1176.0,0.0
280,14,181.0,13.0,0.0,1178.0,0.0
280,14,182.0,9.0,0.0,1184.0,0.0
280,14,183.0,7.0,0.0,1188.0,0.0
280,14,184.0,5.0,0.0,1190.0,0.0
280,14,185.0,2.0,0.0,1192.0,0.0
280,14,186.0,0.0,0.0,1195.0,0.0
280,14,187.0,0.0,0.0,1197.0,0.0
